# Blender v2.79 (sub 0) OBJ File: 'sodacan.blend'
# www.blender.org
mtllib sodacanmultitest2.mtl
o Cylinder.008
v 0.324094 7.210629 -0.793843
v 0.324094 10.112195 -0.793843
v 0.467281 7.210629 -0.659951
v 0.467281 10.112195 -0.659951
v 0.581594 7.210629 -0.500697
v 0.581594 10.112195 -0.500697
v 0.662643 7.210629 -0.322201
v 0.662643 10.112195 -0.322201
v 0.707311 7.210629 -0.131324
v 0.707311 10.112195 -0.131324
v 0.713883 7.210629 0.064600
v 0.713883 10.112195 0.064600
v 0.682105 7.210629 0.258042
v 0.682105 10.112195 0.258042
v 0.613200 7.210629 0.441567
v 0.613200 10.112195 0.441567
v 0.509815 7.210629 0.608123
v 0.509815 10.112195 0.608123
v 0.375922 7.210629 0.751309
v 0.375922 10.112195 0.751309
v 0.216668 7.210629 0.865623
v 0.216668 10.112195 0.865623
v 0.038173 7.210629 0.946671
v 0.038173 10.112195 0.946671
v -0.152705 7.210629 0.991340
v -0.152705 10.112195 0.991340
v -0.348629 7.210629 0.997911
v -0.348629 10.112195 0.997911
v -0.542070 7.210629 0.966134
v -0.542070 10.112195 0.966134
v -0.725596 7.210629 0.897228
v -0.725596 10.112195 0.897228
v -0.892152 7.210629 0.793843
v -0.892152 10.112195 0.793843
v -1.035338 7.210629 0.659950
v -1.035338 10.112195 0.659950
v -1.149652 7.210629 0.500696
v -1.149652 10.112195 0.500696
v -1.230700 7.210629 0.322201
v -1.230700 10.112195 0.322201
v -1.275368 7.210629 0.131323
v -1.275368 10.112195 0.131323
v -1.281940 7.210629 -0.064601
v -1.281940 10.112195 -0.064601
v -1.250162 7.210629 -0.258043
v -1.250162 10.112195 -0.258043
v -1.181256 7.210629 -0.441568
v -1.181256 10.112195 -0.441568
v -1.077871 7.210629 -0.608124
v -1.077871 10.112195 -0.608124
v -0.943978 7.210629 -0.751310
v -0.943978 10.112195 -0.751310
v -0.784724 7.210629 -0.865623
v -0.784724 10.112195 -0.865623
v -0.606228 7.210629 -0.946672
v -0.606228 10.112195 -0.946672
v -0.415351 7.210629 -0.991340
v -0.415351 10.112195 -0.991340
v -0.219427 7.210629 -0.997911
v -0.219427 10.112195 -0.997911
v -0.025985 7.210629 -0.966133
v -0.025985 10.112195 -0.966133
v 0.157540 7.210629 -0.897228
v 0.157540 10.112195 -0.897228
v 0.228505 6.987676 -0.669061
v 0.349184 6.987676 -0.556214
v 0.349184 10.412960 -0.556214
v 0.228505 10.412960 -0.669061
v 0.445529 6.987676 -0.421993
v 0.445529 10.412960 -0.421993
v 0.513838 6.987676 -0.271555
v 0.513838 10.412960 -0.271555
v 0.551485 6.987676 -0.110681
v 0.551485 10.412960 -0.110681
v 0.557023 6.987676 0.054446
v 0.557023 10.412960 0.054446
v 0.530241 6.987676 0.217481
v 0.530241 10.412960 0.217481
v 0.472167 6.987676 0.372158
v 0.472167 10.412960 0.372158
v 0.385032 6.987676 0.512533
v 0.385032 10.412960 0.512533
v 0.272186 6.987676 0.633212
v 0.272186 10.412960 0.633212
v 0.137965 6.987676 0.729557
v 0.137965 10.412960 0.729557
v -0.012473 6.987676 0.797866
v -0.012473 10.412960 0.797866
v -0.173347 6.987676 0.835513
v -0.173347 10.412960 0.835513
v -0.338474 6.987676 0.841052
v -0.338474 10.412960 0.841052
v -0.501509 6.987676 0.814269
v -0.501509 10.412960 0.814269
v -0.656187 6.987676 0.756195
v -0.656187 10.412960 0.756195
v -0.796562 6.987676 0.669060
v -0.796562 10.412960 0.669060
v -0.917241 6.987676 0.556214
v -0.917241 10.412960 0.556214
v -1.013586 6.987676 0.421993
v -1.013586 10.412960 0.421993
v -1.081895 6.987676 0.271555
v -1.081895 10.412960 0.271555
v -1.119542 6.987676 0.110681
v -1.119542 10.412960 0.110681
v -1.125080 6.987676 -0.054446
v -1.125080 10.412960 -0.054446
v -1.098298 6.987676 -0.217481
v -1.098298 10.412960 -0.217481
v -1.040223 6.987676 -0.372159
v -1.040223 10.412960 -0.372159
v -0.953088 6.987676 -0.512534
v -0.953088 10.412960 -0.512534
v -0.840242 6.987676 -0.633213
v -0.840242 10.412960 -0.633213
v -0.706021 6.987676 -0.729558
v -0.706021 10.412960 -0.729558
v -0.555583 6.987676 -0.797866
v -0.555583 10.412960 -0.797866
v -0.394709 6.987676 -0.835513
v -0.394709 10.412960 -0.835513
v -0.229581 6.987676 -0.841052
v -0.229581 10.412960 -0.841052
v -0.066546 6.987676 -0.814269
v -0.066546 10.412960 -0.814269
v 0.088131 6.987676 -0.756194
v 0.088131 10.412960 -0.756194
v 0.286026 10.412960 -0.500736
v 0.177383 10.412960 -0.602326
v 0.372761 10.412960 -0.379902
v 0.434256 10.412960 -0.244469
v 0.468148 10.412960 -0.099642
v 0.473134 10.412960 0.049015
v 0.449023 10.412960 0.195789
v 0.396741 10.412960 0.335038
v 0.318298 10.412960 0.461412
v 0.216708 10.412960 0.570054
v 0.095874 10.412960 0.656789
v -0.039559 10.412960 0.718284
v -0.184387 10.412960 0.752176
v -0.333044 10.412960 0.757163
v -0.479817 10.412960 0.733052
v -0.619066 10.412960 0.680770
v -0.745440 10.412960 0.602326
v -0.854082 10.412960 0.500736
v -0.940818 10.412960 0.379902
v -1.002313 10.412960 0.244469
v -1.036205 10.412960 0.099641
v -1.041191 10.412960 -0.049016
v -1.017080 10.412960 -0.195789
v -0.964798 10.412960 -0.335038
v -0.886354 10.412960 -0.461412
v -0.784764 10.412960 -0.570054
v -0.663930 10.412960 -0.656790
v -0.528497 10.412960 -0.718285
v -0.383669 10.412960 -0.752177
v -0.235012 10.412960 -0.757163
v -0.088239 10.412960 -0.733051
v 0.051011 10.412960 -0.680769
v 0.349184 10.477703 -0.556214
v 0.228505 10.477703 -0.669061
v 0.445529 10.477703 -0.421993
v 0.513838 10.477703 -0.271555
v 0.551485 10.477703 -0.110681
v 0.557023 10.477703 0.054446
v 0.530241 10.477703 0.217481
v 0.472167 10.477703 0.372158
v 0.385032 10.477703 0.512533
v 0.272186 10.477703 0.633212
v 0.137965 10.477703 0.729557
v -0.012473 10.477703 0.797866
v -0.173347 10.477703 0.835513
v -0.338474 10.477703 0.841052
v -0.501509 10.477703 0.814269
v -0.656187 10.477703 0.756195
v -0.796562 10.477703 0.669060
v -0.917241 10.477703 0.556214
v -1.013586 10.477703 0.421993
v -1.081895 10.477703 0.271555
v -1.119542 10.477703 0.110681
v -1.125080 10.477703 -0.054446
v -1.098298 10.477703 -0.217481
v -1.040223 10.477703 -0.372159
v -0.953088 10.477703 -0.512534
v -0.840242 10.477703 -0.633213
v -0.706021 10.477703 -0.729558
v -0.555583 10.477703 -0.797866
v -0.394709 10.477703 -0.835513
v -0.229581 10.477703 -0.841052
v -0.066546 10.477703 -0.814269
v 0.088131 10.477703 -0.756194
v 0.286026 10.477703 -0.500736
v 0.177383 10.477703 -0.602326
v 0.372761 10.477703 -0.379902
v 0.434256 10.477703 -0.244469
v 0.468148 10.477703 -0.099642
v 0.473134 10.477703 0.049015
v 0.449023 10.477703 0.195789
v 0.396741 10.477703 0.335038
v 0.318298 10.477703 0.461412
v 0.216708 10.477703 0.570054
v 0.095874 10.477703 0.656789
v -0.039559 10.477703 0.718284
v -0.184387 10.477703 0.752176
v -0.333044 10.477703 0.757163
v -0.479817 10.477703 0.733052
v -0.619066 10.477703 0.680770
v -0.745440 10.477703 0.602326
v -0.854082 10.477703 0.500736
v -0.940818 10.477703 0.379902
v -1.002313 10.477703 0.244469
v -1.036205 10.477703 0.099641
v -1.041191 10.477703 -0.049016
v -1.017080 10.477703 -0.195789
v -0.964798 10.477703 -0.335038
v -0.886354 10.477703 -0.461412
v -0.784764 10.477703 -0.570054
v -0.663930 10.477703 -0.656790
v -0.528497 10.477703 -0.718285
v -0.383669 10.477703 -0.752177
v -0.235012 10.477703 -0.757163
v -0.088239 10.477703 -0.733051
v 0.051011 10.477703 -0.680769
v -0.929691 10.417930 0.219681
v -0.929856 10.490669 0.219896
v -0.911817 10.419314 -0.234439
v -0.911982 10.492054 -0.234224
v -0.291519 10.373611 0.187749
v -0.291642 10.428094 0.187910
v -0.278131 10.374649 -0.152385
v -0.278255 10.429131 -0.152224
vt 0.530465 0.051746
vt 0.528146 0.502345
vt 0.497495 0.502255
vt 0.499342 0.051616
vt 0.466841 0.502194
vt 0.468217 0.051521
vt 0.436188 0.502165
vt 0.437089 0.051459
vt 0.405544 0.502171
vt 0.405960 0.051432
vt 0.374912 0.502220
vt 0.374832 0.051439
vt 0.344297 0.502325
vt 0.343706 0.051483
vt 0.313700 0.502500
vt 0.312585 0.051562
vt 0.283119 0.502768
vt 0.281475 0.051675
vt 0.252546 0.503156
vt 0.250383 0.051818
vt 0.221964 0.503700
vt 0.219317 0.051976
vt 0.191345 0.504444
vt 0.188286 0.052124
vt 0.160640 0.505441
vt 0.157293 0.052216
vt 0.129775 0.506754
vt 0.126329 0.052170
vt 0.098635 0.508454
vt 0.095346 0.051855
vt 0.067054 0.510618
vt 0.064223 0.051061
vt 0.034805 0.513319
vt 0.032689 0.049469
vt 0.001620 0.516505
vt 0.000155 0.046652
vt 0.999845 0.050819
vt 0.991494 0.520069
vt 0.958386 0.515997
vt 0.967108 0.052944
vt 0.926389 0.512799
vt 0.935131 0.054165
vt 0.895077 0.510316
vt 0.903660 0.054708
vt 0.864186 0.508398
vt 0.872442 0.054815
vt 0.833539 0.506923
vt 0.841338 0.054660
vt 0.803020 0.505793
vt 0.810277 0.054363
vt 0.772554 0.504928
vt 0.779223 0.054002
vt 0.742097 0.504265
vt 0.748162 0.053624
vt 0.711623 0.503756
vt 0.717090 0.053258
vt 0.681119 0.503362
vt 0.686006 0.052918
vt 0.650581 0.503054
vt 0.654911 0.052612
vt 0.620010 0.502811
vt 0.623809 0.052341
vt 0.589410 0.502618
vt 0.592699 0.052107
vt 0.593159 0.004516
vt 0.624328 0.004759
vt 0.558786 0.502465
vt 0.561584 0.051909
vt 0.192904 0.562066
vt 0.162939 0.563065
vt 0.344042 0.601939
vt 0.313671 0.601889
vt 0.313745 0.588815
vt 0.344134 0.588821
vt 0.049240 0.648723
vt 0.071415 0.633906
vt 0.096054 0.623700
vt 0.122211 0.618497
vt 0.148881 0.618497
vt 0.175038 0.623699
vt 0.199678 0.633905
vt 0.221853 0.648722
vt 0.240712 0.667581
vt 0.255529 0.689756
vt 0.265735 0.714396
vt 0.270938 0.740553
vt 0.270938 0.767223
vt 0.265735 0.793381
vt 0.255529 0.818020
vt 0.240712 0.840196
vt 0.221854 0.859054
vt 0.199678 0.873871
vt 0.175039 0.884077
vt 0.148881 0.889280
vt 0.122211 0.889280
vt 0.096054 0.884077
vt 0.071414 0.873871
vt 0.049240 0.859054
vt 0.030381 0.840195
vt 0.015564 0.818020
vt 0.005358 0.793381
vt 0.000155 0.767223
vt 0.000156 0.740553
vt 0.005359 0.714396
vt 0.015565 0.689756
vt 0.030382 0.667581
vt 0.889961 0.567430
vt 0.860389 0.565378
vt 0.406096 0.003814
vt 0.437279 0.003844
vt 0.619433 0.560982
vt 0.588893 0.560876
vt 0.126544 0.005562
vt 0.157201 0.005269
vt 0.435865 0.560508
vt 0.405278 0.560470
vt 0.841809 0.007485
vt 0.872496 0.007768
vt 0.133050 0.564514
vt 0.561987 0.004311
vt 0.830715 0.563946
vt 0.374909 0.003822
vt 0.558314 0.560784
vt 0.096213 0.005638
vt 0.374725 0.560454
vt 0.810946 0.007067
vt 0.103192 0.566572
vt 0.530814 0.004142
vt 0.800909 0.562958
vt 0.343721 0.003872
vt 0.527710 0.560702
vt 0.066327 0.005189
vt 0.344220 0.560474
vt 0.779961 0.006607
vt 0.073294 0.569453
vt 0.770961 0.562281
vt 0.312536 0.003968
vt 0.037010 0.003674
vt 0.313777 0.560546
vt 0.748898 0.006158
vt 0.043289 0.573455
vt 0.740873 0.561820
vt 0.281360 0.004118
vt 0.008605 0.000155
vt 0.283412 0.560697
vt 0.717787 0.005742
vt 0.012997 0.578833
vt 0.710658 0.561502
vt 0.250208 0.004327
vt 0.962886 0.005514
vt 0.992387 0.002158
vt 0.253139 0.560963
vt 0.499638 0.004009
vt 0.686647 0.005370
vt 0.978580 0.579902
vt 0.949024 0.574403
vt 0.497093 0.560628
vt 0.680334 0.561277
vt 0.219102 0.004597
vt 0.933083 0.007146
vt 0.222968 0.561397
vt 0.655492 0.005042
vt 0.919480 0.570336
vt 0.468460 0.003909
vt 0.649919 0.561111
vt 0.188080 0.004921
vt 0.466474 0.560562
vt 0.902942 0.007748
vt 0.470835 0.835060
vt 0.450872 0.848399
vt 0.428690 0.857587
vt 0.405141 0.862271
vt 0.381132 0.862271
vt 0.357583 0.857587
vt 0.335401 0.848399
vt 0.315438 0.835060
vt 0.298460 0.818082
vt 0.285121 0.798119
vt 0.275933 0.775937
vt 0.271249 0.752389
vt 0.271249 0.728379
vt 0.275933 0.704831
vt 0.285121 0.682649
vt 0.298460 0.662685
vt 0.315438 0.645708
vt 0.335401 0.632369
vt 0.357583 0.623181
vt 0.381132 0.618497
vt 0.405141 0.618497
vt 0.428690 0.623181
vt 0.450872 0.632369
vt 0.470835 0.645708
vt 0.487813 0.662686
vt 0.501152 0.682649
vt 0.510340 0.704831
vt 0.515024 0.728379
vt 0.515024 0.752389
vt 0.510340 0.775937
vt 0.501151 0.798119
vt 0.487812 0.818082
vt 0.497106 0.572690
vt 0.466490 0.572622
vt 0.104205 0.578266
vt 0.074692 0.581149
vt 0.680306 0.573236
vt 0.649909 0.573105
vt 0.374504 0.602012
vt 0.374606 0.588862
vt 0.558051 0.602452
vt 0.527446 0.602397
vt 0.527548 0.589199
vt 0.558150 0.589262
vt 0.527721 0.572761
vt 0.405033 0.602095
vt 0.405139 0.588921
vt 0.133776 0.576225
vt 0.588629 0.602496
vt 0.588725 0.589323
vt 0.710603 0.573419
vt 0.435608 0.602179
vt 0.435715 0.588989
vt 0.619163 0.602531
vt 0.619257 0.589381
vt 0.466211 0.602259
vt 0.466317 0.589061
vt 0.163453 0.574812
vt 0.649630 0.602560
vt 0.649726 0.589444
vt 0.740773 0.573686
vt 0.496828 0.602332
vt 0.496932 0.589131
vt 0.680004 0.602593
vt 0.680107 0.589523
vt 0.193262 0.573859
vt 0.710251 0.602647
vt 0.710373 0.589638
vt 0.770792 0.574089
vt 0.740333 0.602751
vt 0.740491 0.589820
vt 0.223215 0.573238
vt 0.770203 0.602958
vt 0.770425 0.590122
vt 0.800638 0.574702
vt 0.799814 0.603341
vt 0.800138 0.590618
vt 0.253307 0.572853
vt 0.829117 0.604008
vt 0.829598 0.591415
vt 0.830295 0.575627
vt 0.858068 0.605104
vt 0.858777 0.592654
vt 0.313853 0.572516
vt 0.344272 0.572474
vt 0.134564 0.592030
vt 0.105401 0.593995
vt 0.859758 0.577000
vt 0.889036 0.579004
vt 0.887658 0.594522
vt 0.283525 0.572630
vt 0.283463 0.588868
vt 0.076441 0.596833
vt 0.619433 0.573002
vt 0.253316 0.589018
vt 0.045168 0.585089
vt 0.047717 0.600867
vt 0.435885 0.572561
vt 0.588898 0.572915
vt 0.223331 0.589320
vt 0.015061 0.590713
vt 0.019695 0.606378
vt 0.405304 0.572511
vt 0.558322 0.572836
vt 0.193532 0.589849
vt 0.947129 0.586018
vt 0.976303 0.591827
vt 0.971878 0.606337
vt 0.944494 0.601060
vt 0.374761 0.572478
vt 0.163940 0.590707
vt 0.918150 0.581884
vt 0.916230 0.597250
vt 0.283421 0.601887
vt 0.253325 0.601969
vt 0.223419 0.602189
vt 0.193739 0.602624
vt 0.164318 0.603380
vt 0.135181 0.604597
vt 0.106345 0.606455
vt 0.077822 0.609183
vt 0.049637 0.613050
vt 0.021960 0.618186
vt 0.969688 0.618186
vt 0.942467 0.613153
vt 0.914760 0.609402
vt 0.886626 0.606821
vt 0.607151 0.715567
vt 0.607151 0.727308
vt 0.533791 0.727308
vt 0.533790 0.715567
vt 0.868354 0.715566
vt 0.868354 0.727308
vt 0.765223 0.716958
vt 0.765223 0.708164
vt 0.710276 0.716958
vt 0.710276 0.708164
vt 0.618881 0.618497
vt 0.721863 0.627731
vt 0.721863 0.682678
vt 0.618881 0.691858
vt 0.618570 0.682624
vt 0.515335 0.691858
vt 0.515335 0.618497
vt 0.618570 0.627676
vn 0.6830 0.0000 -0.7304
vn 0.8124 0.0000 -0.5831
vn 0.9105 0.0000 -0.4134
vn 0.9737 0.0000 -0.2279
vn 0.9994 0.0000 -0.0335
vn 0.9868 0.0000 0.1621
vn 0.9362 0.0000 0.3515
vn 0.8496 0.0000 0.5274
vn 0.7304 0.0000 0.6830
vn 0.5831 0.0000 0.8124
vn 0.4134 0.0000 0.9105
vn 0.2279 0.0000 0.9737
vn 0.0335 0.0000 0.9994
vn -0.1621 0.0000 0.9868
vn -0.3515 0.0000 0.9362
vn -0.5274 0.0000 0.8496
vn -0.6830 0.0000 0.7304
vn -0.8124 0.0000 0.5831
vn -0.9105 0.0000 0.4134
vn -0.9737 0.0000 0.2279
vn -0.9994 0.0000 0.0335
vn -0.9868 0.0000 -0.1621
vn -0.9362 0.0000 -0.3515
vn -0.8496 0.0000 -0.5274
vn -0.7304 0.0000 -0.6830
vn -0.5831 0.0000 -0.8124
vn -0.4134 0.0000 -0.9105
vn -0.2279 0.0000 -0.9737
vn -0.0335 0.0000 -0.9994
vn 0.1621 0.0000 -0.9868
vn 0.1327 -0.5744 -0.8078
vn 0.3515 0.0000 -0.9362
vn 0.5274 0.0000 -0.8496
vn 0.2022 0.4614 0.8638
vn 0.0000 -1.0000 0.0000
vn -0.8867 0.4614 0.0297
vn 0.7971 -0.5744 -0.1865
vn 0.1438 0.4614 -0.8754
vn 0.0274 -0.5744 0.8181
vn 0.8638 0.4614 -0.2022
vn -0.8078 -0.5744 -0.1327
vn 0.0297 0.4614 0.8867
vn 0.2877 -0.5744 -0.7664
vn -0.8754 0.4614 -0.1438
vn 0.8181 -0.5744 -0.0274
vn 0.3118 0.4614 -0.8306
vn -0.1327 -0.5744 0.8078
vn 0.8867 0.4614 -0.0297
vn -0.7664 -0.5744 -0.2877
vn -0.1438 0.4614 0.8754
vn 0.4317 -0.5744 -0.6955
vn -0.8306 0.4614 -0.3118
vn 0.8078 -0.5744 0.1327
vn 0.4679 0.4614 -0.7538
vn -0.2877 -0.5744 0.7664
vn 0.8754 0.4614 0.1438
vn -0.6955 -0.5744 -0.4317
vn -0.3118 0.4614 0.8306
vn -0.7538 0.4614 -0.4679
vn 0.7664 -0.5744 0.2877
vn -0.4317 -0.5744 0.6955
vn 0.8306 0.4614 0.3118
vn -0.5979 -0.5744 -0.5591
vn -0.4679 0.4614 0.7538
vn -0.6480 0.4614 -0.6059
vn 0.6955 -0.5744 0.4317
vn -0.5591 -0.5744 0.5979
vn 0.7538 0.4614 0.4679
vn -0.4774 -0.5744 -0.6650
vn -0.6059 0.4614 0.6480
vn -0.5173 0.4614 -0.7207
vn 0.5979 -0.5744 0.5591
vn -0.6650 -0.5744 0.4774
vn 0.6480 0.4614 0.6059
vn 0.5591 -0.5744 -0.5979
vn -0.3384 -0.5744 -0.7454
vn -0.7207 0.4614 0.5173
vn 0.6059 0.4614 -0.6480
vn -0.3668 0.4614 -0.8078
vn 0.4774 -0.5744 0.6650
vn -0.7454 -0.5744 0.3384
vn 0.5173 0.4614 0.7207
vn -0.1865 -0.5744 -0.7971
vn -0.8078 0.4614 0.3668
vn 0.6650 -0.5744 -0.4774
vn -0.2022 0.4614 -0.8638
vn 0.3384 -0.5744 0.7454
vn 0.7207 0.4614 -0.5173
vn -0.7971 -0.5744 0.1865
vn 0.3668 0.4614 0.8078
vn -0.0274 -0.5744 -0.8181
vn -0.8638 0.4614 0.2022
vn 0.7454 -0.5744 -0.3384
vn -0.0297 0.4614 -0.8867
vn 0.1865 -0.5744 0.7971
vn 0.8078 0.4614 -0.3668
vn -0.8181 -0.5744 0.0274
vn 0.0000 1.0000 -0.0000
vn -0.9992 -0.0021 -0.0393
vn 0.1286 0.0032 -0.9917
vn 0.9992 0.0021 0.0393
vn 0.0498 -0.0028 0.9988
vn -0.0696 -0.9976 -0.0058
vn 0.0979 0.9952 0.0069
usemtl Material.006
s off
f 1/1/1 2/2/1 4/3/1 3/4/1
f 3/4/2 4/3/2 6/5/2 5/6/2
f 5/6/3 6/5/3 8/7/3 7/8/3
f 7/8/4 8/7/4 10/9/4 9/10/4
f 9/10/5 10/9/5 12/11/5 11/12/5
f 11/12/6 12/11/6 14/13/6 13/14/6
f 13/14/7 14/13/7 16/15/7 15/16/7
f 15/16/8 16/15/8 18/17/8 17/18/8
f 17/18/9 18/17/9 20/19/9 19/20/9
f 19/20/10 20/19/10 22/21/10 21/22/10
f 21/22/11 22/21/11 24/23/11 23/24/11
f 23/24/12 24/23/12 26/25/12 25/26/12
f 25/26/13 26/25/13 28/27/13 27/28/13
f 27/28/14 28/27/14 30/29/14 29/30/14
f 29/30/15 30/29/15 32/31/15 31/32/15
f 31/32/16 32/31/16 34/33/16 33/34/16
f 33/34/17 34/33/17 36/35/17 35/36/17
f 35/37/18 36/38/18 38/39/18 37/40/18
f 37/40/19 38/39/19 40/41/19 39/42/19
f 39/42/20 40/41/20 42/43/20 41/44/20
f 41/44/21 42/43/21 44/45/21 43/46/21
f 43/46/22 44/45/22 46/47/22 45/48/22
f 45/48/23 46/47/23 48/49/23 47/50/23
f 47/50/24 48/49/24 50/51/24 49/52/24
f 49/52/25 50/51/25 52/53/25 51/54/25
f 51/54/26 52/53/26 54/55/26 53/56/26
f 53/56/27 54/55/27 56/57/27 55/58/27
f 55/58/28 56/57/28 58/59/28 57/60/28
f 57/60/29 58/59/29 60/61/29 59/62/29
f 59/62/30 60/61/30 62/63/30 61/64/30
f 59/62/31 61/64/31 125/65/31 123/66/31
f 61/64/32 62/63/32 64/67/32 63/68/32
f 63/68/33 64/67/33 2/2/33 1/1/33
f 26/25/34 24/23/34 88/69/34 90/70/34
f 135/71/23 136/72/23 200/73/23 199/74/23
f 65/75/35 66/76/35 69/77/35 71/78/35 73/79/35 75/80/35 77/81/35 79/82/35 81/83/35 83/84/35 85/85/35 87/86/35 89/87/35 91/88/35 93/89/35 95/90/35 97/91/35 99/92/35 101/93/35 103/94/35 105/95/35 107/96/35 109/97/35 111/98/35 113/99/35 115/100/35 117/101/35 119/102/35 121/103/35 123/104/35 125/105/35 127/106/35
f 44/45/36 42/43/36 106/107/36 108/108/36
f 7/8/37 9/10/37 73/109/37 71/110/37
f 62/63/38 60/61/38 124/111/38 126/112/38
f 25/26/39 27/28/39 91/113/39 89/114/39
f 10/9/40 8/7/40 72/115/40 74/116/40
f 43/46/41 45/48/41 109/117/41 107/118/41
f 28/27/42 26/25/42 90/70/42 92/119/42
f 61/64/43 63/68/43 127/120/43 125/65/43
f 46/47/44 44/45/44 108/108/44 110/121/44
f 9/10/45 11/12/45 75/122/45 73/109/45
f 64/67/46 62/63/46 126/112/46 128/123/46
f 27/28/47 29/30/47 93/124/47 91/113/47
f 12/11/48 10/9/48 74/116/48 76/125/48
f 45/48/49 47/50/49 111/126/49 109/117/49
f 30/29/50 28/27/50 92/119/50 94/127/50
f 63/68/51 1/1/51 65/128/51 127/120/51
f 48/49/52 46/47/52 110/121/52 112/129/52
f 11/12/53 13/14/53 77/130/53 75/122/53
f 2/2/54 64/67/54 128/123/54 68/131/54
f 29/30/55 31/32/55 95/132/55 93/124/55
f 14/13/56 12/11/56 76/125/56 78/133/56
f 47/50/57 49/52/57 113/134/57 111/126/57
f 32/31/58 30/29/58 94/127/58 96/135/58
f 50/51/59 48/49/59 112/129/59 114/136/59
f 13/14/60 15/16/60 79/137/60 77/130/60
f 31/32/61 33/34/61 97/138/61 95/132/61
f 16/15/62 14/13/62 78/133/62 80/139/62
f 49/52/63 51/54/63 115/140/63 113/134/63
f 34/33/64 32/31/64 96/135/64 98/141/64
f 52/53/65 50/51/65 114/136/65 116/142/65
f 15/16/66 17/18/66 81/143/66 79/137/66
f 33/34/67 35/36/67 99/144/67 97/138/67
f 18/17/68 16/15/68 80/139/68 82/145/68
f 51/54/69 53/56/69 117/146/69 115/140/69
f 36/35/70 34/33/70 98/141/70 100/147/70
f 54/55/71 52/53/71 116/142/71 118/148/71
f 17/18/72 19/20/72 83/149/72 81/143/72
f 35/37/73 37/40/73 101/150/73 99/151/73
f 20/19/74 18/17/74 82/145/74 84/152/74
f 1/1/75 3/4/75 66/153/75 65/128/75
f 53/56/76 55/58/76 119/154/76 117/146/76
f 38/39/77 36/38/77 100/155/77 102/156/77
f 4/3/78 2/2/78 68/131/78 67/157/78
f 56/57/79 54/55/79 118/148/79 120/158/79
f 19/20/80 21/22/80 85/159/80 83/149/80
f 37/40/81 39/42/81 103/160/81 101/150/81
f 22/21/82 20/19/82 84/152/82 86/161/82
f 55/58/83 57/60/83 121/162/83 119/154/83
f 40/41/84 38/39/84 102/156/84 104/163/84
f 3/4/85 5/6/85 69/164/85 66/153/85
f 58/59/86 56/57/86 120/158/86 122/165/86
f 21/22/87 23/24/87 87/166/87 85/159/87
f 6/5/88 4/3/88 67/157/88 70/167/88
f 39/42/89 41/44/89 105/168/89 103/160/89
f 24/23/90 22/21/90 86/161/90 88/69/90
f 57/60/91 59/62/91 123/66/91 121/162/91
f 42/43/92 40/41/92 104/163/92 106/107/92
f 5/6/93 7/8/93 71/110/93 69/164/93
f 60/61/94 58/59/94 122/165/94 124/111/94
f 23/24/95 25/26/95 89/114/95 87/166/95
f 8/7/96 6/5/96 70/167/96 72/115/96
f 41/44/97 43/46/97 107/118/97 105/168/97
f 129/169/98 130/170/98 160/171/98 159/172/98 158/173/98 157/174/98 156/175/98 155/176/98 154/177/98 153/178/98 152/179/98 151/180/98 150/181/98 149/182/98 148/183/98 147/184/98 146/185/98 145/186/98 144/187/98 143/188/98 142/189/98 141/190/98 140/191/98 139/192/98 138/193/98 137/194/98 136/195/98 135/196/98 134/197/98 133/198/98 132/199/98 131/200/98
f 70/167/2 67/157/2 161/201/2 163/202/2
f 96/135/15 94/127/15 175/203/15 176/204/15
f 122/165/28 120/158/28 188/205/28 189/206/28
f 134/207/22 135/71/22 199/74/22 198/208/22
f 160/209/16 130/210/16 194/211/16 224/212/16
f 67/157/1 68/131/1 162/213/1 161/201/1
f 133/214/21 134/207/21 198/208/21 197/215/21
f 94/127/14 92/119/14 174/216/14 175/203/14
f 159/217/15 160/209/15 224/212/15 223/218/15
f 120/158/27 118/148/27 187/219/27 188/205/27
f 132/220/20 133/214/20 197/215/20 196/221/20
f 158/222/14 159/217/14 223/218/14 222/223/14
f 131/224/19 132/220/19 196/221/19 195/225/19
f 92/119/13 90/70/13 173/226/13 174/216/13
f 157/227/13 158/222/13 222/223/13 221/228/13
f 118/148/26 116/142/26 186/229/26 187/219/26
f 129/230/18 131/224/18 195/225/18 193/231/18
f 156/232/12 157/227/12 221/228/12 220/233/12
f 130/210/17 129/230/17 193/231/17 194/211/17
f 90/70/12 88/69/12 172/234/12 173/226/12
f 155/235/11 156/232/11 220/233/11 219/236/11
f 116/142/25 114/136/25 185/237/25 186/229/25
f 154/238/10 155/235/10 219/236/10 218/239/10
f 88/69/11 86/161/11 171/240/11 172/234/11
f 153/241/9 154/238/9 218/239/9 217/242/9
f 114/136/24 112/129/24 184/243/24 185/237/24
f 152/244/8 153/241/8 217/242/8 216/245/8
f 86/161/10 84/152/10 170/246/10 171/240/10
f 151/247/7 152/244/7 216/245/7 215/248/7
f 112/129/23 110/121/23 183/249/23 184/243/23
f 150/250/6 151/247/6 215/248/6 214/251/6
f 188/205/98 187/219/98 219/236/98 220/233/98
f 168/252/98 167/253/98 199/74/98 200/73/98
f 175/203/98 174/216/98 206/254/98 207/255/98
f 182/256/98 181/257/98 213/258/98 214/251/98
f 161/201/98 162/213/98 194/211/98 193/231/98
f 189/206/98 188/205/98 220/233/98 221/228/98
f 169/259/98 168/252/98 200/73/98 201/260/98
f 176/204/98 175/203/98 207/255/98 208/261/98
f 183/249/98 182/256/98 214/251/98 215/248/98
f 163/202/98 161/201/98 193/231/98 195/225/98
f 190/262/98 189/206/98 221/228/98 222/223/98
f 170/246/98 169/259/98 201/260/98 202/263/98
f 177/264/98 176/204/98 208/261/98 209/265/98
f 184/243/98 183/249/98 215/248/98 216/245/98
f 164/266/98 163/202/98 195/225/98 196/221/98
f 191/267/98 190/262/98 222/223/98 223/218/98
f 171/240/98 170/246/98 202/263/98 203/268/98
f 178/269/98 177/264/98 209/265/98 210/270/98
f 185/237/98 184/243/98 216/245/98 217/242/98
f 165/271/98 164/266/98 196/221/98 197/215/98
f 192/272/98 191/267/98 223/218/98 224/212/98
f 172/234/98 171/240/98 203/268/98 204/273/98
f 179/274/98 178/275/98 210/276/98 211/277/98
f 186/229/98 185/237/98 217/242/98 218/239/98
f 166/278/98 165/271/98 197/215/98 198/208/98
f 162/213/98 192/272/98 224/212/98 194/211/98
f 173/226/98 172/234/98 204/273/98 205/279/98
f 180/280/98 179/274/98 211/277/98 212/281/98
f 187/219/98 186/229/98 218/239/98 219/236/98
f 167/253/98 166/278/98 198/208/98 199/74/98
f 174/216/98 173/226/98 205/279/98 206/254/98
f 181/257/98 180/280/98 212/281/98 213/258/98
f 136/72/24 137/282/24 201/260/24 200/73/24
f 124/111/29 122/165/29 189/206/29 190/262/29
f 98/141/16 96/135/16 176/204/16 177/264/16
f 72/115/3 70/167/3 163/202/3 164/266/3
f 137/282/25 138/283/25 202/263/25 201/260/25
f 138/283/26 139/284/26 203/268/26 202/263/26
f 126/112/30 124/111/30 190/262/30 191/267/30
f 100/147/17 98/141/17 177/264/17 178/269/17
f 74/116/4 72/115/4 164/266/4 165/271/4
f 139/284/27 140/285/27 204/273/27 203/268/27
f 140/285/28 141/286/28 205/279/28 204/273/28
f 128/123/32 126/112/32 191/267/32 192/272/32
f 102/156/18 100/155/18 178/275/18 179/274/18
f 76/125/5 74/116/5 165/271/5 166/278/5
f 141/286/29 142/287/29 206/254/29 205/279/29
f 142/287/30 143/288/30 207/255/30 206/254/30
f 68/131/33 128/123/33 192/272/33 162/213/33
f 104/163/19 102/156/19 179/274/19 180/280/19
f 78/133/6 76/125/6 166/278/6 167/253/6
f 143/288/32 144/289/32 208/261/32 207/255/32
f 144/289/33 145/290/33 209/265/33 208/261/33
f 106/107/20 104/163/20 180/280/20 181/257/20
f 145/290/1 146/291/1 210/270/1 209/265/1
f 80/139/7 78/133/7 167/253/7 168/252/7
f 146/292/2 147/293/2 211/277/2 210/276/2
f 108/108/21 106/107/21 181/257/21 182/256/21
f 147/293/3 148/294/3 212/281/3 211/277/3
f 82/145/8 80/139/8 168/252/8 169/259/8
f 148/294/4 149/295/4 213/258/4 212/281/4
f 110/121/22 108/108/22 182/256/22 183/249/22
f 149/295/5 150/250/5 214/251/5 213/258/5
f 84/152/9 82/145/9 169/259/9 170/246/9
f 225/296/99 226/297/99 228/298/99 227/299/99
f 227/300/100 228/301/100 232/302/100 231/303/100
f 231/303/101 232/302/101 230/304/101 229/305/101
f 229/305/102 230/304/102 226/297/102 225/296/102
f 227/306/103 231/307/103 229/308/103 225/309/103
f 232/310/104 228/311/104 226/312/104 230/313/104
o Cylinder.007
v -2.265045 3.715209 -0.013881
v -2.265045 6.616774 -0.013881
v -2.243124 3.715209 -0.208686
v -2.243124 6.616774 -0.208686
v -2.183620 3.715209 -0.395471
v -2.183620 6.616774 -0.395471
v -2.088819 3.715209 -0.567059
v -2.088819 6.616774 -0.567059
v -1.962365 3.715209 -0.716854
v -1.962365 6.616774 -0.716854
v -1.809116 3.715209 -0.839102
v -1.809116 6.616774 -0.839102
v -1.634964 3.715209 -0.929103
v -1.634964 6.616774 -0.929103
v -1.446599 3.715209 -0.983399
v -1.446599 6.616774 -0.983399
v -1.251261 3.715209 -0.999904
v -1.251261 6.616774 -0.999904
v -1.056456 3.715209 -0.977983
v -1.056456 6.616774 -0.977983
v -0.869671 3.715209 -0.918478
v -0.869671 6.616774 -0.918478
v -0.698083 3.715209 -0.823678
v -0.698083 6.616774 -0.823678
v -0.548287 3.715209 -0.697223
v -0.548287 6.616774 -0.697223
v -0.426040 3.715209 -0.543975
v -0.426040 6.616774 -0.543975
v -0.336039 3.715209 -0.369822
v -0.336039 6.616774 -0.369822
v -0.281743 3.715209 -0.181457
v -0.281743 6.616774 -0.181457
v -0.265238 3.715209 0.013882
v -0.265238 6.616774 0.013882
v -0.287159 3.715209 0.208686
v -0.287159 6.616774 0.208686
v -0.346663 3.715209 0.395472
v -0.346663 6.616774 0.395472
v -0.441464 3.715209 0.567059
v -0.441464 6.616774 0.567059
v -0.567919 3.715209 0.716855
v -0.567919 6.616774 0.716855
v -0.721167 3.715209 0.839102
v -0.721167 6.616774 0.839102
v -0.895320 3.715209 0.929103
v -0.895320 6.616774 0.929103
v -1.083685 3.715209 0.983399
v -1.083685 6.616774 0.983399
v -1.279024 3.715209 0.999904
v -1.279024 6.616774 0.999904
v -1.473829 3.715209 0.977983
v -1.473829 6.616774 0.977983
v -1.660614 3.715209 0.918478
v -1.660614 6.616774 0.918478
v -1.832201 3.715209 0.823677
v -1.832201 6.616774 0.823677
v -1.981997 3.715209 0.697222
v -1.981997 6.616774 0.697222
v -2.104244 3.715209 0.543974
v -2.104244 6.616774 0.543974
v -2.194245 3.715209 0.369821
v -2.194245 6.616774 0.369821
v -2.248541 3.715209 0.181456
v -2.248541 6.616774 0.181456
v -2.107873 3.492255 -0.011699
v -2.089397 3.492255 -0.175883
v -2.089397 6.917539 -0.175883
v -2.107873 6.917539 -0.011699
v -2.039247 3.492255 -0.333308
v -2.039247 6.917539 -0.333308
v -1.959347 3.492255 -0.477924
v -1.959347 6.917539 -0.477924
v -1.852770 3.492255 -0.604173
v -1.852770 6.917539 -0.604173
v -1.723610 3.492255 -0.707205
v -1.723610 6.917539 -0.707205
v -1.576832 3.492255 -0.783059
v -1.576832 6.917539 -0.783059
v -1.418076 3.492255 -0.828821
v -1.418076 6.917539 -0.828821
v -1.253443 3.492255 -0.842731
v -1.253443 6.917539 -0.842731
v -1.089259 3.492255 -0.824256
v -1.089259 6.917539 -0.824256
v -0.931834 3.492255 -0.774105
v -0.931834 6.917539 -0.774105
v -0.787218 3.492255 -0.694206
v -0.787218 6.917539 -0.694206
v -0.660968 3.492255 -0.587628
v -0.660968 6.917539 -0.587628
v -0.557937 3.492255 -0.458469
v -0.557937 6.917539 -0.458469
v -0.482083 3.492255 -0.311690
v -0.482083 6.917539 -0.311690
v -0.436321 3.492255 -0.152934
v -0.436321 6.917539 -0.152934
v -0.422411 3.492255 0.011700
v -0.422411 6.917539 0.011700
v -0.440886 3.492255 0.175883
v -0.440886 6.917539 0.175883
v -0.491037 3.492255 0.333308
v -0.491037 6.917539 0.333308
v -0.570936 3.492255 0.477924
v -0.570936 6.917539 0.477924
v -0.677514 3.492255 0.604174
v -0.677514 6.917539 0.604174
v -0.806673 3.492255 0.707205
v -0.806673 6.917539 0.707205
v -0.953452 3.492255 0.783059
v -0.953452 6.917539 0.783059
v -1.112208 3.492255 0.828821
v -1.112208 6.917539 0.828821
v -1.276842 3.492255 0.842731
v -1.276842 6.917539 0.842731
v -1.441026 3.492255 0.824256
v -1.441026 6.917539 0.824256
v -1.598450 3.492255 0.774104
v -1.598450 6.917539 0.774104
v -1.743066 3.492255 0.694205
v -1.743066 6.917539 0.694205
v -1.869316 3.492255 0.587627
v -1.869316 6.917539 0.587627
v -1.972347 3.492255 0.458468
v -1.972347 6.917539 0.458468
v -2.048201 3.492255 0.311689
v -2.048201 6.917539 0.311689
v -2.093962 3.492255 0.152933
v -2.093962 6.917539 0.152933
v -2.007184 6.917539 -0.158340
v -2.023816 6.917539 -0.010532
v -1.962035 6.917539 -0.300063
v -1.890105 6.917539 -0.430254
v -1.794158 6.917539 -0.543911
v -1.677881 6.917539 -0.636666
v -1.545743 6.917539 -0.704954
v -1.402822 6.917539 -0.746152
v -1.254609 6.917539 -0.758675
v -1.106802 6.917539 -0.742042
v -0.965079 6.917539 -0.696893
v -0.834888 6.917539 -0.624963
v -0.721230 6.917539 -0.529016
v -0.628475 6.917539 -0.412740
v -0.560187 6.917539 -0.280601
v -0.518990 6.917539 -0.137680
v -0.506467 6.917539 0.010533
v -0.523100 6.917539 0.158340
v -0.568249 6.917539 0.300063
v -0.640179 6.917539 0.430255
v -0.736126 6.917539 0.543912
v -0.852403 6.917539 0.636667
v -0.984541 6.917539 0.704955
v -1.127462 6.917539 0.746152
v -1.275675 6.917539 0.758674
v -1.423482 6.917539 0.742042
v -1.565205 6.917539 0.696893
v -1.695397 6.917539 0.624963
v -1.809054 6.917539 0.529016
v -1.901809 6.917539 0.412739
v -1.970096 6.917539 0.280601
v -2.011293 6.917539 0.137679
v -2.089397 6.982282 -0.175883
v -2.107873 6.982282 -0.011699
v -2.039247 6.982282 -0.333308
v -1.959347 6.982282 -0.477924
v -1.852770 6.982282 -0.604173
v -1.723610 6.982282 -0.707205
v -1.576832 6.982282 -0.783059
v -1.418076 6.982282 -0.828821
v -1.253443 6.982282 -0.842731
v -1.089259 6.982282 -0.824256
v -0.931834 6.982282 -0.774105
v -0.787218 6.982282 -0.694206
v -0.660968 6.982282 -0.587628
v -0.557937 6.982282 -0.458469
v -0.482083 6.982282 -0.311690
v -0.436321 6.982282 -0.152934
v -0.422411 6.982282 0.011700
v -0.440886 6.982282 0.175883
v -0.491037 6.982282 0.333308
v -0.570936 6.982282 0.477924
v -0.677514 6.982282 0.604174
v -0.806673 6.982282 0.707205
v -0.953452 6.982282 0.783059
v -1.112208 6.982282 0.828821
v -1.276842 6.982282 0.842731
v -1.441026 6.982282 0.824256
v -1.598450 6.982282 0.774104
v -1.743066 6.982282 0.694205
v -1.869316 6.982282 0.587627
v -1.972347 6.982282 0.458468
v -2.048201 6.982282 0.311689
v -2.093962 6.982282 0.152933
v -2.007184 6.982282 -0.158340
v -2.023816 6.982282 -0.010532
v -1.962035 6.982282 -0.300063
v -1.890105 6.982282 -0.430254
v -1.794158 6.982282 -0.543911
v -1.677881 6.982282 -0.636666
v -1.545743 6.982282 -0.704954
v -1.402822 6.982282 -0.746152
v -1.254609 6.982282 -0.758675
v -1.106802 6.982282 -0.742042
v -0.965079 6.982282 -0.696893
v -0.834888 6.982282 -0.624963
v -0.721230 6.982282 -0.529016
v -0.628475 6.982282 -0.412740
v -0.560187 6.982282 -0.280601
v -0.518990 6.982282 -0.137680
v -0.506467 6.982282 0.010533
v -0.523100 6.982282 0.158340
v -0.568249 6.982282 0.300063
v -0.640179 6.982282 0.430255
v -0.736126 6.982282 0.543912
v -0.852403 6.982282 0.636667
v -0.984541 6.982282 0.704955
v -1.127462 6.982282 0.746152
v -1.275675 6.982282 0.758674
v -1.423482 6.982282 0.742042
v -1.565205 6.982282 0.696893
v -1.695397 6.982282 0.624963
v -1.809054 6.982282 0.529016
v -1.901809 6.982282 0.412739
v -1.970096 6.982282 0.280601
v -2.011293 6.982282 0.137679
v -0.703422 6.922508 0.386796
v -0.703151 6.995248 0.386800
v -1.078392 6.923893 0.643588
v -1.078121 6.996633 0.643592
v -1.110056 6.878191 -0.106086
v -1.109853 6.932673 -0.106083
v -1.390907 6.879229 0.086250
v -1.390704 6.933710 0.086253
vt 0.530465 0.051746
vt 0.528146 0.502345
vt 0.497495 0.502255
vt 0.499342 0.051616
vt 0.466841 0.502194
vt 0.468217 0.051521
vt 0.436188 0.502165
vt 0.437089 0.051459
vt 0.405544 0.502171
vt 0.405960 0.051432
vt 0.374912 0.502220
vt 0.374832 0.051439
vt 0.344297 0.502325
vt 0.343706 0.051483
vt 0.313700 0.502500
vt 0.312585 0.051562
vt 0.283119 0.502768
vt 0.281475 0.051675
vt 0.252546 0.503156
vt 0.250383 0.051818
vt 0.221964 0.503700
vt 0.219317 0.051976
vt 0.191345 0.504444
vt 0.188286 0.052124
vt 0.160640 0.505441
vt 0.157293 0.052216
vt 0.129775 0.506754
vt 0.126329 0.052170
vt 0.098635 0.508454
vt 0.095346 0.051855
vt 0.067054 0.510618
vt 0.064223 0.051061
vt 0.034805 0.513319
vt 0.032689 0.049469
vt 0.001620 0.516505
vt 0.000155 0.046652
vt 0.999845 0.050819
vt 0.991494 0.520069
vt 0.958386 0.515997
vt 0.967108 0.052944
vt 0.926389 0.512799
vt 0.935131 0.054165
vt 0.895077 0.510316
vt 0.903660 0.054708
vt 0.864186 0.508398
vt 0.872442 0.054815
vt 0.833539 0.506923
vt 0.841338 0.054660
vt 0.803020 0.505793
vt 0.810277 0.054363
vt 0.772554 0.504928
vt 0.779223 0.054002
vt 0.742097 0.504265
vt 0.748162 0.053624
vt 0.711623 0.503756
vt 0.717090 0.053258
vt 0.681119 0.503362
vt 0.686006 0.052918
vt 0.650581 0.503054
vt 0.654911 0.052612
vt 0.620010 0.502811
vt 0.623809 0.052341
vt 0.589410 0.502618
vt 0.592699 0.052107
vt 0.593159 0.004516
vt 0.624328 0.004759
vt 0.558786 0.502465
vt 0.561584 0.051909
vt 0.192904 0.562066
vt 0.162939 0.563065
vt 0.344042 0.601939
vt 0.313671 0.601889
vt 0.313745 0.588815
vt 0.344134 0.588821
vt 0.049240 0.648723
vt 0.071415 0.633906
vt 0.096054 0.623700
vt 0.122211 0.618497
vt 0.148881 0.618497
vt 0.175038 0.623699
vt 0.199678 0.633905
vt 0.221853 0.648722
vt 0.240712 0.667581
vt 0.255529 0.689756
vt 0.265735 0.714396
vt 0.270938 0.740553
vt 0.270938 0.767223
vt 0.265735 0.793381
vt 0.255529 0.818020
vt 0.240712 0.840196
vt 0.221854 0.859054
vt 0.199678 0.873871
vt 0.175039 0.884077
vt 0.148881 0.889280
vt 0.122211 0.889280
vt 0.096054 0.884077
vt 0.071414 0.873871
vt 0.049240 0.859054
vt 0.030381 0.840195
vt 0.015564 0.818020
vt 0.005358 0.793381
vt 0.000155 0.767223
vt 0.000156 0.740553
vt 0.005359 0.714396
vt 0.015565 0.689756
vt 0.030382 0.667581
vt 0.889961 0.567430
vt 0.860389 0.565378
vt 0.406096 0.003814
vt 0.437279 0.003844
vt 0.619433 0.560982
vt 0.588893 0.560876
vt 0.126544 0.005562
vt 0.157201 0.005269
vt 0.435865 0.560508
vt 0.405278 0.560470
vt 0.841809 0.007485
vt 0.872496 0.007768
vt 0.133050 0.564514
vt 0.561987 0.004311
vt 0.830715 0.563946
vt 0.374909 0.003822
vt 0.558314 0.560784
vt 0.096213 0.005638
vt 0.374725 0.560454
vt 0.810946 0.007067
vt 0.103192 0.566572
vt 0.530814 0.004142
vt 0.800909 0.562958
vt 0.343721 0.003872
vt 0.527710 0.560702
vt 0.066327 0.005189
vt 0.344220 0.560474
vt 0.779961 0.006607
vt 0.073294 0.569453
vt 0.770961 0.562281
vt 0.312536 0.003968
vt 0.037010 0.003674
vt 0.313777 0.560546
vt 0.748898 0.006158
vt 0.043289 0.573455
vt 0.740873 0.561820
vt 0.281360 0.004118
vt 0.008605 0.000155
vt 0.283412 0.560697
vt 0.717787 0.005742
vt 0.012997 0.578833
vt 0.710658 0.561502
vt 0.250208 0.004327
vt 0.962886 0.005514
vt 0.992387 0.002158
vt 0.253139 0.560963
vt 0.499638 0.004009
vt 0.686647 0.005370
vt 0.978580 0.579902
vt 0.949024 0.574403
vt 0.497093 0.560628
vt 0.680334 0.561277
vt 0.219102 0.004597
vt 0.933083 0.007146
vt 0.222968 0.561397
vt 0.655492 0.005042
vt 0.919480 0.570336
vt 0.468460 0.003909
vt 0.649919 0.561111
vt 0.188080 0.004921
vt 0.466474 0.560562
vt 0.902942 0.007748
vt 0.470835 0.835060
vt 0.450872 0.848399
vt 0.428690 0.857587
vt 0.405141 0.862271
vt 0.381132 0.862271
vt 0.357583 0.857587
vt 0.335401 0.848399
vt 0.315438 0.835060
vt 0.298460 0.818082
vt 0.285121 0.798119
vt 0.275933 0.775937
vt 0.271249 0.752389
vt 0.271249 0.728379
vt 0.275933 0.704831
vt 0.285121 0.682649
vt 0.298460 0.662685
vt 0.315438 0.645708
vt 0.335401 0.632369
vt 0.357583 0.623181
vt 0.381132 0.618497
vt 0.405141 0.618497
vt 0.428690 0.623181
vt 0.450872 0.632369
vt 0.470835 0.645708
vt 0.487813 0.662686
vt 0.501152 0.682649
vt 0.510340 0.704831
vt 0.515024 0.728379
vt 0.515024 0.752389
vt 0.510340 0.775937
vt 0.501151 0.798119
vt 0.487812 0.818082
vt 0.497106 0.572690
vt 0.466490 0.572622
vt 0.104205 0.578266
vt 0.074692 0.581149
vt 0.680306 0.573236
vt 0.649909 0.573105
vt 0.374504 0.602012
vt 0.374606 0.588862
vt 0.558051 0.602452
vt 0.527446 0.602397
vt 0.527548 0.589199
vt 0.558150 0.589262
vt 0.527721 0.572761
vt 0.405033 0.602095
vt 0.405139 0.588921
vt 0.133776 0.576225
vt 0.588629 0.602496
vt 0.588725 0.589323
vt 0.710603 0.573419
vt 0.435608 0.602179
vt 0.435715 0.588989
vt 0.619163 0.602531
vt 0.619257 0.589381
vt 0.466211 0.602259
vt 0.466317 0.589061
vt 0.163453 0.574812
vt 0.649630 0.602560
vt 0.649726 0.589444
vt 0.740773 0.573686
vt 0.496828 0.602332
vt 0.496932 0.589131
vt 0.680004 0.602593
vt 0.680107 0.589523
vt 0.193262 0.573859
vt 0.710251 0.602647
vt 0.710373 0.589638
vt 0.770792 0.574089
vt 0.740333 0.602751
vt 0.740491 0.589820
vt 0.223215 0.573238
vt 0.770203 0.602958
vt 0.770425 0.590122
vt 0.800638 0.574702
vt 0.799814 0.603341
vt 0.800138 0.590618
vt 0.253307 0.572853
vt 0.829117 0.604008
vt 0.829598 0.591415
vt 0.830295 0.575627
vt 0.858068 0.605104
vt 0.858777 0.592654
vt 0.313853 0.572516
vt 0.344272 0.572474
vt 0.134564 0.592030
vt 0.105401 0.593995
vt 0.859758 0.577000
vt 0.889036 0.579004
vt 0.887658 0.594522
vt 0.283525 0.572630
vt 0.283463 0.588868
vt 0.076441 0.596833
vt 0.619433 0.573002
vt 0.253316 0.589018
vt 0.045168 0.585089
vt 0.047717 0.600867
vt 0.435885 0.572561
vt 0.588898 0.572915
vt 0.223331 0.589320
vt 0.015061 0.590713
vt 0.019695 0.606378
vt 0.405304 0.572511
vt 0.558322 0.572836
vt 0.193532 0.589849
vt 0.947129 0.586018
vt 0.976303 0.591827
vt 0.971878 0.606337
vt 0.944494 0.601060
vt 0.374761 0.572478
vt 0.163940 0.590707
vt 0.918150 0.581884
vt 0.916230 0.597250
vt 0.283421 0.601887
vt 0.253325 0.601969
vt 0.223419 0.602189
vt 0.193739 0.602624
vt 0.164318 0.603380
vt 0.135181 0.604597
vt 0.106345 0.606455
vt 0.077822 0.609183
vt 0.049637 0.613050
vt 0.021960 0.618186
vt 0.969688 0.618186
vt 0.942467 0.613153
vt 0.914760 0.609402
vt 0.886626 0.606821
vt 0.607151 0.715567
vt 0.607151 0.727308
vt 0.533791 0.727308
vt 0.533790 0.715567
vt 0.868354 0.715566
vt 0.868354 0.727308
vt 0.765223 0.716958
vt 0.765223 0.708164
vt 0.710276 0.716958
vt 0.710276 0.708164
vt 0.618881 0.618497
vt 0.721863 0.627731
vt 0.721863 0.682678
vt 0.618881 0.691858
vt 0.618570 0.682624
vt 0.515335 0.691858
vt 0.515335 0.618497
vt 0.618570 0.627676
vn -0.9937 0.0000 -0.1118
vn -0.9528 0.0000 -0.3035
vn -0.8753 0.0000 -0.4836
vn -0.7641 0.0000 -0.6451
vn -0.6236 0.0000 -0.7817
vn -0.4591 0.0000 -0.8884
vn -0.2770 0.0000 -0.9609
vn -0.0842 0.0000 -0.9964
vn 0.1118 0.0000 -0.9937
vn 0.3035 0.0000 -0.9528
vn 0.4836 0.0000 -0.8753
vn 0.6451 0.0000 -0.7641
vn 0.7817 0.0000 -0.6236
vn 0.8884 0.0000 -0.4591
vn 0.9609 0.0000 -0.2770
vn 0.9964 0.0000 -0.0842
vn 0.9937 0.0000 0.1118
vn 0.9528 0.0000 0.3035
vn 0.8753 0.0000 0.4836
vn 0.7641 0.0000 0.6451
vn 0.6236 0.0000 0.7817
vn 0.4591 0.0000 0.8884
vn 0.2770 0.0000 0.9609
vn 0.0842 0.0000 0.9964
vn -0.1118 0.0000 0.9937
vn -0.3035 0.0000 0.9528
vn -0.4836 0.0000 0.8753
vn -0.6451 0.0000 0.7641
vn -0.7817 0.0000 0.6236
vn -0.8884 0.0000 0.4591
vn -0.7272 -0.5744 0.3758
vn -0.9609 0.0000 0.2770
vn -0.9964 0.0000 0.0842
vn 0.5723 0.4614 -0.6779
vn 0.0000 -1.0000 0.0000
vn 0.5532 0.4614 0.6935
vn -0.6255 -0.5744 -0.5281
vn -0.7882 0.4614 0.4073
vn 0.6399 -0.5744 -0.5105
vn -0.6779 0.4614 -0.5723
vn 0.3758 -0.5744 0.7272
vn 0.6935 0.4614 -0.5532
vn -0.7866 -0.5744 0.2267
vn 0.4073 0.4614 0.7882
vn -0.5105 -0.5744 -0.6399
vn -0.8525 0.4614 0.2457
vn 0.7272 -0.5744 -0.3758
vn -0.5532 0.4614 -0.6935
vn 0.2267 -0.5744 0.7866
vn 0.7881 0.4614 -0.4073
vn -0.8157 -0.5744 0.0689
vn 0.2457 0.4614 0.8525
vn -0.3758 -0.5744 -0.7272
vn -0.8840 0.4614 0.0747
vn 0.7866 -0.5744 -0.2267
vn -0.4073 0.4614 -0.7882
vn 0.0689 -0.5744 0.8157
vn 0.8525 0.4614 -0.2457
vn 0.0747 0.4614 0.8840
vn -0.2267 -0.5744 -0.7866
vn 0.8157 -0.5744 -0.0689
vn -0.2457 0.4614 -0.8525
vn -0.0915 -0.5744 0.8135
vn 0.8840 0.4614 -0.0747
vn -0.0992 0.4614 0.8816
vn -0.0689 -0.5744 -0.8157
vn 0.8135 -0.5744 0.0915
vn -0.0747 0.4614 -0.8840
vn -0.2485 -0.5744 0.7800
vn 0.8816 0.4614 0.0992
vn -0.2693 0.4614 0.8453
vn 0.0915 -0.5744 -0.8135
vn 0.7800 -0.5744 0.2485
vn 0.0992 0.4614 -0.8816
vn -0.8135 -0.5744 -0.0915
vn -0.3959 -0.5744 0.7165
vn 0.8453 0.4614 0.2693
vn -0.8816 0.4614 -0.0992
vn -0.4290 0.4614 0.7765
vn 0.2485 -0.5744 -0.7800
vn 0.7165 -0.5744 0.3959
vn 0.2693 0.4614 -0.8453
vn -0.5281 -0.5744 0.6255
vn 0.7765 0.4614 0.4290
vn -0.7800 -0.5744 -0.2485
vn -0.5723 0.4614 0.6779
vn 0.3959 -0.5744 -0.7165
vn -0.8453 0.4614 -0.2693
vn 0.6255 -0.5744 0.5281
vn 0.4290 0.4614 -0.7765
vn -0.6399 -0.5744 0.5105
vn 0.6779 0.4614 0.5723
vn -0.7165 -0.5744 -0.3959
vn -0.6935 0.4614 0.5532
vn 0.5281 -0.5744 -0.6255
vn -0.7765 0.4614 -0.4290
vn 0.5105 -0.5744 0.6399
vn 0.0000 1.0000 0.0000
vn 0.5650 -0.0021 0.8251
vn -0.8723 0.0032 0.4889
vn -0.5650 0.0021 -0.8251
vn 0.7715 -0.0028 -0.6362
vn 0.0369 -0.9976 0.0593
vn -0.0529 0.9952 -0.0827
usemtl Material.004
s off
f 233/314/105 234/315/105 236/316/105 235/317/105
f 235/317/106 236/316/106 238/318/106 237/319/106
f 237/319/107 238/318/107 240/320/107 239/321/107
f 239/321/108 240/320/108 242/322/108 241/323/108
f 241/323/109 242/322/109 244/324/109 243/325/109
f 243/325/110 244/324/110 246/326/110 245/327/110
f 245/327/111 246/326/111 248/328/111 247/329/111
f 247/329/112 248/328/112 250/330/112 249/331/112
f 249/331/113 250/330/113 252/332/113 251/333/113
f 251/333/114 252/332/114 254/334/114 253/335/114
f 253/335/115 254/334/115 256/336/115 255/337/115
f 255/337/116 256/336/116 258/338/116 257/339/116
f 257/339/117 258/338/117 260/340/117 259/341/117
f 259/341/118 260/340/118 262/342/118 261/343/118
f 261/343/119 262/342/119 264/344/119 263/345/119
f 263/345/120 264/344/120 266/346/120 265/347/120
f 265/347/121 266/346/121 268/348/121 267/349/121
f 267/350/122 268/351/122 270/352/122 269/353/122
f 269/353/123 270/352/123 272/354/123 271/355/123
f 271/355/124 272/354/124 274/356/124 273/357/124
f 273/357/125 274/356/125 276/358/125 275/359/125
f 275/359/126 276/358/126 278/360/126 277/361/126
f 277/361/127 278/360/127 280/362/127 279/363/127
f 279/363/128 280/362/128 282/364/128 281/365/128
f 281/365/129 282/364/129 284/366/129 283/367/129
f 283/367/130 284/366/130 286/368/130 285/369/130
f 285/369/131 286/368/131 288/370/131 287/371/131
f 287/371/132 288/370/132 290/372/132 289/373/132
f 289/373/133 290/372/133 292/374/133 291/375/133
f 291/375/134 292/374/134 294/376/134 293/377/134
f 291/375/135 293/377/135 357/378/135 355/379/135
f 293/377/136 294/376/136 296/380/136 295/381/136
f 295/381/137 296/380/137 234/315/137 233/314/137
f 258/338/138 256/336/138 320/382/138 322/383/138
f 367/384/127 368/385/127 432/386/127 431/387/127
f 297/388/139 298/389/139 301/390/139 303/391/139 305/392/139 307/393/139 309/394/139 311/395/139 313/396/139 315/397/139 317/398/139 319/399/139 321/400/139 323/401/139 325/402/139 327/403/139 329/404/139 331/405/139 333/406/139 335/407/139 337/408/139 339/409/139 341/410/139 343/411/139 345/412/139 347/413/139 349/414/139 351/415/139 353/416/139 355/417/139 357/418/139 359/419/139
f 276/358/140 274/356/140 338/420/140 340/421/140
f 239/321/141 241/323/141 305/422/141 303/423/141
f 294/376/142 292/374/142 356/424/142 358/425/142
f 257/339/143 259/341/143 323/426/143 321/427/143
f 242/322/144 240/320/144 304/428/144 306/429/144
f 275/359/145 277/361/145 341/430/145 339/431/145
f 260/340/146 258/338/146 322/383/146 324/432/146
f 293/377/147 295/381/147 359/433/147 357/378/147
f 278/360/148 276/358/148 340/421/148 342/434/148
f 241/323/149 243/325/149 307/435/149 305/422/149
f 296/380/150 294/376/150 358/425/150 360/436/150
f 259/341/151 261/343/151 325/437/151 323/426/151
f 244/324/152 242/322/152 306/429/152 308/438/152
f 277/361/153 279/363/153 343/439/153 341/430/153
f 262/342/154 260/340/154 324/432/154 326/440/154
f 295/381/155 233/314/155 297/441/155 359/433/155
f 280/362/156 278/360/156 342/434/156 344/442/156
f 243/325/157 245/327/157 309/443/157 307/435/157
f 234/315/158 296/380/158 360/436/158 300/444/158
f 261/343/159 263/345/159 327/445/159 325/437/159
f 246/326/160 244/324/160 308/438/160 310/446/160
f 279/363/161 281/365/161 345/447/161 343/439/161
f 264/344/162 262/342/162 326/440/162 328/448/162
f 282/364/163 280/362/163 344/442/163 346/449/163
f 245/327/164 247/329/164 311/450/164 309/443/164
f 263/345/165 265/347/165 329/451/165 327/445/165
f 248/328/166 246/326/166 310/446/166 312/452/166
f 281/365/167 283/367/167 347/453/167 345/447/167
f 266/346/168 264/344/168 328/448/168 330/454/168
f 284/366/169 282/364/169 346/449/169 348/455/169
f 247/329/170 249/331/170 313/456/170 311/450/170
f 265/347/171 267/349/171 331/457/171 329/451/171
f 250/330/172 248/328/172 312/452/172 314/458/172
f 283/367/173 285/369/173 349/459/173 347/453/173
f 268/348/174 266/346/174 330/454/174 332/460/174
f 286/368/175 284/366/175 348/455/175 350/461/175
f 249/331/176 251/333/176 315/462/176 313/456/176
f 267/350/177 269/353/177 333/463/177 331/464/177
f 252/332/178 250/330/178 314/458/178 316/465/178
f 233/314/179 235/317/179 298/466/179 297/441/179
f 285/369/180 287/371/180 351/467/180 349/459/180
f 270/352/181 268/351/181 332/468/181 334/469/181
f 236/316/182 234/315/182 300/444/182 299/470/182
f 288/370/183 286/368/183 350/461/183 352/471/183
f 251/333/184 253/335/184 317/472/184 315/462/184
f 269/353/185 271/355/185 335/473/185 333/463/185
f 254/334/186 252/332/186 316/465/186 318/474/186
f 287/371/187 289/373/187 353/475/187 351/467/187
f 272/354/188 270/352/188 334/469/188 336/476/188
f 235/317/189 237/319/189 301/477/189 298/466/189
f 290/372/190 288/370/190 352/471/190 354/478/190
f 253/335/191 255/337/191 319/479/191 317/472/191
f 238/318/192 236/316/192 299/470/192 302/480/192
f 271/355/193 273/357/193 337/481/193 335/473/193
f 256/336/194 254/334/194 318/474/194 320/382/194
f 289/373/195 291/375/195 355/379/195 353/475/195
f 274/356/196 272/354/196 336/476/196 338/420/196
f 237/319/197 239/321/197 303/423/197 301/477/197
f 292/374/198 290/372/198 354/478/198 356/424/198
f 255/337/199 257/339/199 321/427/199 319/479/199
f 240/320/200 238/318/200 302/480/200 304/428/200
f 273/357/201 275/359/201 339/431/201 337/481/201
f 361/482/202 362/483/202 392/484/202 391/485/202 390/486/202 389/487/202 388/488/202 387/489/202 386/490/202 385/491/202 384/492/202 383/493/202 382/494/202 381/495/202 380/496/202 379/497/202 378/498/202 377/499/202 376/500/202 375/501/202 374/502/202 373/503/202 372/504/202 371/505/202 370/506/202 369/507/202 368/508/202 367/509/202 366/510/202 365/511/202 364/512/202 363/513/202
f 302/480/106 299/470/106 393/514/106 395/515/106
f 328/448/119 326/440/119 407/516/119 408/517/119
f 354/478/132 352/471/132 420/518/132 421/519/132
f 366/520/126 367/384/126 431/387/126 430/521/126
f 392/522/120 362/523/120 426/524/120 456/525/120
f 299/470/105 300/444/105 394/526/105 393/514/105
f 365/527/125 366/520/125 430/521/125 429/528/125
f 326/440/118 324/432/118 406/529/118 407/516/118
f 391/530/119 392/522/119 456/525/119 455/531/119
f 352/471/131 350/461/131 419/532/131 420/518/131
f 364/533/124 365/527/124 429/528/124 428/534/124
f 390/535/118 391/530/118 455/531/118 454/536/118
f 363/537/123 364/533/123 428/534/123 427/538/123
f 324/432/117 322/383/117 405/539/117 406/529/117
f 389/540/117 390/535/117 454/536/117 453/541/117
f 350/461/130 348/455/130 418/542/130 419/532/130
f 361/543/122 363/537/122 427/538/122 425/544/122
f 388/545/116 389/540/116 453/541/116 452/546/116
f 362/523/121 361/543/121 425/544/121 426/524/121
f 322/383/116 320/382/116 404/547/116 405/539/116
f 387/548/115 388/545/115 452/546/115 451/549/115
f 348/455/129 346/449/129 417/550/129 418/542/129
f 386/551/114 387/548/114 451/549/114 450/552/114
f 320/382/115 318/474/115 403/553/115 404/547/115
f 385/554/113 386/551/113 450/552/113 449/555/113
f 346/449/128 344/442/128 416/556/128 417/550/128
f 384/557/112 385/554/112 449/555/112 448/558/112
f 318/474/114 316/465/114 402/559/114 403/553/114
f 383/560/111 384/557/111 448/558/111 447/561/111
f 344/442/127 342/434/127 415/562/127 416/556/127
f 382/563/110 383/560/110 447/561/110 446/564/110
f 420/518/202 419/532/202 451/549/202 452/546/202
f 400/565/202 399/566/202 431/387/202 432/386/202
f 407/516/202 406/529/202 438/567/202 439/568/202
f 414/569/202 413/570/202 445/571/202 446/564/202
f 393/514/202 394/526/202 426/524/202 425/544/202
f 421/519/202 420/518/202 452/546/202 453/541/202
f 401/572/202 400/565/202 432/386/202 433/573/202
f 408/517/202 407/516/202 439/568/202 440/574/202
f 415/562/202 414/569/202 446/564/202 447/561/202
f 395/515/202 393/514/202 425/544/202 427/538/202
f 422/575/202 421/519/202 453/541/202 454/536/202
f 402/559/202 401/572/202 433/573/202 434/576/202
f 409/577/202 408/517/202 440/574/202 441/578/202
f 416/556/202 415/562/202 447/561/202 448/558/202
f 396/579/202 395/515/202 427/538/202 428/534/202
f 423/580/202 422/575/202 454/536/202 455/531/202
f 403/553/202 402/559/202 434/576/202 435/581/202
f 410/582/202 409/577/202 441/578/202 442/583/202
f 417/550/202 416/556/202 448/558/202 449/555/202
f 397/584/202 396/579/202 428/534/202 429/528/202
f 424/585/202 423/580/202 455/531/202 456/525/202
f 404/547/202 403/553/202 435/581/202 436/586/202
f 411/587/202 410/588/202 442/589/202 443/590/202
f 418/542/202 417/550/202 449/555/202 450/552/202
f 398/591/202 397/584/202 429/528/202 430/521/202
f 394/526/202 424/585/202 456/525/202 426/524/202
f 405/539/202 404/547/202 436/586/202 437/592/202
f 412/593/202 411/587/202 443/590/202 444/594/202
f 419/532/202 418/542/202 450/552/202 451/549/202
f 399/566/202 398/591/202 430/521/202 431/387/202
f 406/529/202 405/539/202 437/592/202 438/567/202
f 413/570/202 412/593/202 444/594/202 445/571/202
f 368/385/128 369/595/128 433/573/128 432/386/128
f 356/424/133 354/478/133 421/519/133 422/575/133
f 330/454/120 328/448/120 408/517/120 409/577/120
f 304/428/107 302/480/107 395/515/107 396/579/107
f 369/595/129 370/596/129 434/576/129 433/573/129
f 370/596/130 371/597/130 435/581/130 434/576/130
f 358/425/134 356/424/134 422/575/134 423/580/134
f 332/460/121 330/454/121 409/577/121 410/582/121
f 306/429/108 304/428/108 396/579/108 397/584/108
f 371/597/131 372/598/131 436/586/131 435/581/131
f 372/598/132 373/599/132 437/592/132 436/586/132
f 360/436/136 358/425/136 423/580/136 424/585/136
f 334/469/122 332/468/122 410/588/122 411/587/122
f 308/438/109 306/429/109 397/584/109 398/591/109
f 373/599/133 374/600/133 438/567/133 437/592/133
f 374/600/134 375/601/134 439/568/134 438/567/134
f 300/444/137 360/436/137 424/585/137 394/526/137
f 336/476/123 334/469/123 411/587/123 412/593/123
f 310/446/110 308/438/110 398/591/110 399/566/110
f 375/601/136 376/602/136 440/574/136 439/568/136
f 376/602/137 377/603/137 441/578/137 440/574/137
f 338/420/124 336/476/124 412/593/124 413/570/124
f 377/603/105 378/604/105 442/583/105 441/578/105
f 312/452/111 310/446/111 399/566/111 400/565/111
f 378/605/106 379/606/106 443/590/106 442/589/106
f 340/421/125 338/420/125 413/570/125 414/569/125
f 379/606/107 380/607/107 444/594/107 443/590/107
f 314/458/112 312/452/112 400/565/112 401/572/112
f 380/607/108 381/608/108 445/571/108 444/594/108
f 342/434/126 340/421/126 414/569/126 415/562/126
f 381/608/109 382/563/109 446/564/109 445/571/109
f 316/465/113 314/458/113 401/572/113 402/559/113
f 457/609/203 458/610/203 460/611/203 459/612/203
f 459/613/204 460/614/204 464/615/204 463/616/204
f 463/616/205 464/615/205 462/617/205 461/618/205
f 461/618/206 462/617/206 458/610/206 457/609/206
f 459/619/207 463/620/207 461/621/207 457/622/207
f 464/623/208 460/624/208 458/625/208 462/626/208
o Cylinder.006
v 0.036342 3.715209 -0.492529
v 0.036342 6.616774 -0.492529
v 0.149153 3.715209 -0.652851
v 0.149153 6.616774 -0.652851
v 0.291072 3.715209 -0.788085
v 0.291072 6.616774 -0.788085
v 0.456648 3.715209 -0.893033
v 0.456648 6.616774 -0.893033
v 0.639517 3.715209 -0.963663
v 0.639517 6.616774 -0.963663
v 0.832651 3.715209 -0.997259
v 0.832651 6.616774 -0.997259
v 1.028628 3.715209 -0.992531
v 1.028628 6.616774 -0.992531
v 1.219917 3.715209 -0.949661
v 1.219917 6.616774 -0.949661
v 1.399167 3.715209 -0.870296
v 1.399167 6.616774 -0.870296
v 1.559490 3.715209 -0.757486
v 1.559490 6.616774 -0.757486
v 1.694724 3.715209 -0.615566
v 1.694724 6.616774 -0.615566
v 1.799672 3.715209 -0.449990
v 1.799672 6.616774 -0.449990
v 1.870301 3.715209 -0.267122
v 1.870301 6.616774 -0.267122
v 1.903898 3.715209 -0.073988
v 1.903898 6.616774 -0.073988
v 1.899170 3.715209 0.121990
v 1.899170 6.616774 0.121990
v 1.856300 3.715209 0.313279
v 1.856300 6.616774 0.313279
v 1.776934 3.715209 0.492529
v 1.776934 6.616774 0.492529
v 1.664124 3.715209 0.652852
v 1.664124 6.616774 0.652852
v 1.522204 3.715209 0.788086
v 1.522204 6.616774 0.788086
v 1.356628 3.715209 0.893034
v 1.356628 6.616774 0.893034
v 1.173760 3.715209 0.963663
v 1.173760 6.616774 0.963663
v 0.980626 3.715209 0.997259
v 0.980626 6.616774 0.997259
v 0.784648 3.715209 0.992531
v 0.784648 6.616774 0.992531
v 0.593359 3.715209 0.949661
v 0.593359 6.616774 0.949661
v 0.414109 3.715209 0.870296
v 0.414109 6.616774 0.870296
v 0.253786 3.715209 0.757485
v 0.253786 6.616774 0.757485
v 0.118553 3.715209 0.615565
v 0.118553 6.616774 0.615565
v 0.013605 3.715209 0.449989
v 0.013605 6.616774 0.449989
v -0.057025 3.715209 0.267121
v -0.057025 6.616774 0.267121
v -0.090621 3.715209 0.073986
v -0.090621 6.616774 0.073986
v -0.085893 3.715209 -0.121991
v -0.085893 6.616774 -0.121991
v -0.043022 3.715209 -0.313280
v -0.043022 6.616774 -0.313280
v 0.173142 3.492255 -0.415109
v 0.268220 3.492255 -0.550231
v 0.268220 6.917539 -0.550231
v 0.173142 6.917539 -0.415109
v 0.387832 3.492255 -0.664208
v 0.387832 6.917539 -0.664208
v 0.527381 3.492255 -0.752659
v 0.527381 6.917539 -0.752659
v 0.681505 3.492255 -0.812187
v 0.681505 6.917539 -0.812187
v 0.844281 3.492255 -0.840502
v 0.844281 6.917539 -0.840502
v 1.009453 3.492255 -0.836518
v 1.009453 6.917539 -0.836518
v 1.170674 3.492255 -0.800386
v 1.170674 6.917539 -0.800386
v 1.321748 3.492255 -0.733496
v 1.321748 6.917539 -0.733496
v 1.456870 3.492255 -0.638419
v 1.456870 6.917539 -0.638419
v 1.570846 3.492255 -0.518807
v 1.570846 6.917539 -0.518807
v 1.659298 3.492255 -0.379257
v 1.659298 6.917539 -0.379257
v 1.718825 3.492255 -0.225134
v 1.718825 6.917539 -0.225134
v 1.747141 3.492255 -0.062358
v 1.747141 6.917539 -0.062358
v 1.743156 3.492255 0.102814
v 1.743156 6.917539 0.102814
v 1.707024 3.492255 0.264035
v 1.707024 6.917539 0.264035
v 1.640135 3.492255 0.415110
v 1.640135 6.917539 0.415110
v 1.545057 3.492255 0.550231
v 1.545057 6.917539 0.550231
v 1.425445 3.492255 0.664208
v 1.425445 6.917539 0.664208
v 1.285895 3.492255 0.752660
v 1.285895 6.917539 0.752660
v 1.131771 3.492255 0.812187
v 1.131771 6.917539 0.812187
v 0.968996 3.492255 0.840502
v 0.968996 6.917539 0.840502
v 0.803824 3.492255 0.836517
v 0.803824 6.917539 0.836517
v 0.642603 3.492255 0.800386
v 0.642603 6.917539 0.800386
v 0.491528 3.492255 0.733496
v 0.491528 6.917539 0.733496
v 0.356407 3.492255 0.638418
v 0.356407 6.917539 0.638418
v 0.242430 3.492255 0.518806
v 0.242430 6.917539 0.518806
v 0.153979 3.492255 0.379256
v 0.153979 6.917539 0.379256
v 0.094451 3.492255 0.225132
v 0.094451 6.917539 0.225132
v 0.066136 3.492255 0.062357
v 0.066136 6.917539 0.062357
v 0.070121 3.492255 -0.102815
v 0.070121 6.917539 -0.102815
v 0.106253 3.492255 -0.264036
v 0.106253 6.917539 -0.264036
v 0.331898 6.917539 -0.495349
v 0.246303 6.917539 -0.373705
v 0.439579 6.917539 -0.597958
v 0.565209 6.917539 -0.677587
v 0.703960 6.917539 -0.731177
v 0.850500 6.917539 -0.756668
v 0.999198 6.917539 -0.753081
v 1.144338 6.917539 -0.720553
v 1.280344 6.917539 -0.660335
v 1.401988 6.917539 -0.574741
v 1.504596 6.917539 -0.467059
v 1.584225 6.917539 -0.341429
v 1.637815 6.917539 -0.202678
v 1.663306 6.917539 -0.056138
v 1.659719 6.917539 0.092559
v 1.627192 6.917539 0.237700
v 1.566973 6.917539 0.373705
v 1.481379 6.917539 0.495350
v 1.373698 6.917539 0.597958
v 1.248067 6.917539 0.677587
v 1.109316 6.917539 0.731177
v 0.962776 6.917539 0.756668
v 0.814079 6.917539 0.753081
v 0.668938 6.917539 0.720553
v 0.532933 6.917539 0.660335
v 0.411288 6.917539 0.574740
v 0.308680 6.917539 0.467059
v 0.229051 6.917539 0.341428
v 0.175461 6.917539 0.202677
v 0.149970 6.917539 0.056137
v 0.153558 6.917539 -0.092560
v 0.186086 6.917539 -0.237701
v 0.268220 6.982282 -0.550231
v 0.173142 6.982282 -0.415109
v 0.387832 6.982282 -0.664208
v 0.527381 6.982282 -0.752659
v 0.681505 6.982282 -0.812187
v 0.844281 6.982282 -0.840502
v 1.009453 6.982282 -0.836518
v 1.170674 6.982282 -0.800386
v 1.321748 6.982282 -0.733496
v 1.456870 6.982282 -0.638419
v 1.570846 6.982282 -0.518807
v 1.659298 6.982282 -0.379257
v 1.718825 6.982282 -0.225134
v 1.747141 6.982282 -0.062358
v 1.743156 6.982282 0.102814
v 1.707024 6.982282 0.264035
v 1.640135 6.982282 0.415110
v 1.545057 6.982282 0.550231
v 1.425445 6.982282 0.664208
v 1.285895 6.982282 0.752660
v 1.131771 6.982282 0.812187
v 0.968996 6.982282 0.840502
v 0.803824 6.982282 0.836517
v 0.642603 6.982282 0.800386
v 0.491528 6.982282 0.733496
v 0.356407 6.982282 0.638418
v 0.242430 6.982282 0.518806
v 0.153979 6.982282 0.379256
v 0.094451 6.982282 0.225132
v 0.066136 6.982282 0.062357
v 0.070121 6.982282 -0.102815
v 0.106253 6.982282 -0.264036
v 0.331898 6.982282 -0.495349
v 0.246303 6.982282 -0.373705
v 0.439579 6.982282 -0.597958
v 0.565209 6.982282 -0.677587
v 0.703960 6.982282 -0.731177
v 0.850500 6.982282 -0.756668
v 0.999198 6.982282 -0.753081
v 1.144338 6.982282 -0.720553
v 1.280344 6.982282 -0.660335
v 1.401988 6.982282 -0.574741
v 1.504596 6.982282 -0.467059
v 1.584225 6.982282 -0.341429
v 1.637815 6.982282 -0.202678
v 1.663306 6.982282 -0.056138
v 1.659719 6.982282 0.092559
v 1.627192 6.982282 0.237700
v 1.566973 6.982282 0.373705
v 1.481379 6.982282 0.495350
v 1.373698 6.982282 0.597958
v 1.248067 6.982282 0.677587
v 1.109316 6.982282 0.731177
v 0.962776 6.982282 0.756668
v 0.814079 6.982282 0.753081
v 0.668938 6.982282 0.720553
v 0.532933 6.982282 0.660335
v 0.411288 6.982282 0.574740
v 0.308680 6.982282 0.467059
v 0.229051 6.982282 0.341428
v 0.175461 6.982282 0.202677
v 0.149970 6.982282 0.056137
v 0.153558 6.982282 -0.092560
v 0.186086 6.982282 -0.237701
v 1.213477 6.922508 0.609089
v 1.213713 6.995248 0.609223
v 0.761247 6.923893 0.654173
v 0.761483 6.996633 0.654306
v 1.093620 6.878191 -0.018539
v 1.093797 6.932673 -0.018439
v 0.754901 6.879229 0.015228
v 0.755078 6.933710 0.015328
vt 0.530465 0.051746
vt 0.528146 0.502345
vt 0.497495 0.502255
vt 0.499342 0.051616
vt 0.466841 0.502194
vt 0.468217 0.051521
vt 0.436188 0.502165
vt 0.437089 0.051459
vt 0.405544 0.502171
vt 0.405960 0.051432
vt 0.374912 0.502220
vt 0.374832 0.051439
vt 0.344297 0.502325
vt 0.343706 0.051483
vt 0.313700 0.502500
vt 0.312585 0.051562
vt 0.283119 0.502768
vt 0.281475 0.051675
vt 0.252546 0.503156
vt 0.250383 0.051818
vt 0.221964 0.503700
vt 0.219317 0.051976
vt 0.191345 0.504444
vt 0.188286 0.052124
vt 0.160640 0.505441
vt 0.157293 0.052216
vt 0.129775 0.506754
vt 0.126329 0.052170
vt 0.098635 0.508454
vt 0.095346 0.051855
vt 0.067054 0.510618
vt 0.064223 0.051061
vt 0.034805 0.513319
vt 0.032689 0.049469
vt 0.001620 0.516505
vt 0.000155 0.046652
vt 0.999845 0.050819
vt 0.991494 0.520069
vt 0.958386 0.515997
vt 0.967108 0.052944
vt 0.926389 0.512799
vt 0.935131 0.054165
vt 0.895077 0.510316
vt 0.903660 0.054708
vt 0.864186 0.508398
vt 0.872442 0.054815
vt 0.833539 0.506923
vt 0.841338 0.054660
vt 0.803020 0.505793
vt 0.810277 0.054363
vt 0.772554 0.504928
vt 0.779223 0.054002
vt 0.742097 0.504265
vt 0.748162 0.053624
vt 0.711623 0.503756
vt 0.717090 0.053258
vt 0.681119 0.503362
vt 0.686006 0.052918
vt 0.650581 0.503054
vt 0.654911 0.052612
vt 0.620010 0.502811
vt 0.623809 0.052341
vt 0.589410 0.502618
vt 0.592699 0.052107
vt 0.593159 0.004516
vt 0.624328 0.004759
vt 0.558786 0.502465
vt 0.561584 0.051909
vt 0.192904 0.562066
vt 0.162939 0.563065
vt 0.344042 0.601939
vt 0.313671 0.601889
vt 0.313745 0.588815
vt 0.344134 0.588821
vt 0.049240 0.648723
vt 0.071415 0.633906
vt 0.096054 0.623700
vt 0.122211 0.618497
vt 0.148881 0.618497
vt 0.175038 0.623699
vt 0.199678 0.633905
vt 0.221853 0.648722
vt 0.240712 0.667581
vt 0.255529 0.689756
vt 0.265735 0.714396
vt 0.270938 0.740553
vt 0.270938 0.767223
vt 0.265735 0.793381
vt 0.255529 0.818020
vt 0.240712 0.840196
vt 0.221854 0.859054
vt 0.199678 0.873871
vt 0.175039 0.884077
vt 0.148881 0.889280
vt 0.122211 0.889280
vt 0.096054 0.884077
vt 0.071414 0.873871
vt 0.049240 0.859054
vt 0.030381 0.840195
vt 0.015564 0.818020
vt 0.005358 0.793381
vt 0.000155 0.767223
vt 0.000156 0.740553
vt 0.005359 0.714396
vt 0.015565 0.689756
vt 0.030382 0.667581
vt 0.889961 0.567430
vt 0.860389 0.565378
vt 0.406096 0.003814
vt 0.437279 0.003844
vt 0.619433 0.560982
vt 0.588893 0.560876
vt 0.126544 0.005562
vt 0.157201 0.005269
vt 0.435865 0.560508
vt 0.405278 0.560470
vt 0.841809 0.007485
vt 0.872496 0.007768
vt 0.133050 0.564514
vt 0.561987 0.004311
vt 0.830715 0.563946
vt 0.374909 0.003822
vt 0.558314 0.560784
vt 0.096213 0.005638
vt 0.374725 0.560454
vt 0.810946 0.007067
vt 0.103192 0.566572
vt 0.530814 0.004142
vt 0.800909 0.562958
vt 0.343721 0.003872
vt 0.527710 0.560702
vt 0.066327 0.005189
vt 0.344220 0.560474
vt 0.779961 0.006607
vt 0.073294 0.569453
vt 0.770961 0.562281
vt 0.312536 0.003968
vt 0.037010 0.003674
vt 0.313777 0.560546
vt 0.748898 0.006158
vt 0.043289 0.573455
vt 0.740873 0.561820
vt 0.281360 0.004118
vt 0.008605 0.000155
vt 0.283412 0.560697
vt 0.717787 0.005742
vt 0.012997 0.578833
vt 0.710658 0.561502
vt 0.250208 0.004327
vt 0.962886 0.005514
vt 0.992387 0.002158
vt 0.253139 0.560963
vt 0.499638 0.004009
vt 0.686647 0.005370
vt 0.978580 0.579902
vt 0.949024 0.574403
vt 0.497093 0.560628
vt 0.680334 0.561277
vt 0.219102 0.004597
vt 0.933083 0.007146
vt 0.222968 0.561397
vt 0.655492 0.005042
vt 0.919480 0.570336
vt 0.468460 0.003909
vt 0.649919 0.561111
vt 0.188080 0.004921
vt 0.466474 0.560562
vt 0.902942 0.007748
vt 0.470835 0.835060
vt 0.450872 0.848399
vt 0.428690 0.857587
vt 0.405141 0.862271
vt 0.381132 0.862271
vt 0.357583 0.857587
vt 0.335401 0.848399
vt 0.315438 0.835060
vt 0.298460 0.818082
vt 0.285121 0.798119
vt 0.275933 0.775937
vt 0.271249 0.752389
vt 0.271249 0.728379
vt 0.275933 0.704831
vt 0.285121 0.682649
vt 0.298460 0.662685
vt 0.315438 0.645708
vt 0.335401 0.632369
vt 0.357583 0.623181
vt 0.381132 0.618497
vt 0.405141 0.618497
vt 0.428690 0.623181
vt 0.450872 0.632369
vt 0.470835 0.645708
vt 0.487813 0.662686
vt 0.501152 0.682649
vt 0.510340 0.704831
vt 0.515024 0.728379
vt 0.515024 0.752389
vt 0.510340 0.775937
vt 0.501151 0.798119
vt 0.487812 0.818082
vt 0.497106 0.572690
vt 0.466490 0.572622
vt 0.104205 0.578266
vt 0.074692 0.581149
vt 0.680306 0.573236
vt 0.649909 0.573105
vt 0.374504 0.602012
vt 0.374606 0.588862
vt 0.558051 0.602452
vt 0.527446 0.602397
vt 0.527548 0.589199
vt 0.558150 0.589262
vt 0.527721 0.572761
vt 0.405033 0.602095
vt 0.405139 0.588921
vt 0.133776 0.576225
vt 0.588629 0.602496
vt 0.588725 0.589323
vt 0.710603 0.573419
vt 0.435608 0.602179
vt 0.435715 0.588989
vt 0.619163 0.602531
vt 0.619257 0.589381
vt 0.466211 0.602259
vt 0.466317 0.589061
vt 0.163453 0.574812
vt 0.649630 0.602560
vt 0.649726 0.589444
vt 0.740773 0.573686
vt 0.496828 0.602332
vt 0.496932 0.589131
vt 0.680004 0.602593
vt 0.680107 0.589523
vt 0.193262 0.573859
vt 0.710251 0.602647
vt 0.710373 0.589638
vt 0.770792 0.574089
vt 0.740333 0.602751
vt 0.740491 0.589820
vt 0.223215 0.573238
vt 0.770203 0.602958
vt 0.770425 0.590122
vt 0.800638 0.574702
vt 0.799814 0.603341
vt 0.800138 0.590618
vt 0.253307 0.572853
vt 0.829117 0.604008
vt 0.829598 0.591415
vt 0.830295 0.575627
vt 0.858068 0.605104
vt 0.858777 0.592654
vt 0.313853 0.572516
vt 0.344272 0.572474
vt 0.134564 0.592030
vt 0.105401 0.593995
vt 0.859758 0.577000
vt 0.889036 0.579004
vt 0.887658 0.594522
vt 0.283525 0.572630
vt 0.283463 0.588868
vt 0.076441 0.596833
vt 0.619433 0.573002
vt 0.253316 0.589018
vt 0.045168 0.585089
vt 0.047717 0.600867
vt 0.435885 0.572561
vt 0.588898 0.572915
vt 0.223331 0.589320
vt 0.015061 0.590713
vt 0.019695 0.606378
vt 0.405304 0.572511
vt 0.558322 0.572836
vt 0.193532 0.589849
vt 0.947129 0.586018
vt 0.976303 0.591827
vt 0.971878 0.606337
vt 0.944494 0.601060
vt 0.374761 0.572478
vt 0.163940 0.590707
vt 0.918150 0.581884
vt 0.916230 0.597250
vt 0.283421 0.601887
vt 0.253325 0.601969
vt 0.223419 0.602189
vt 0.193739 0.602624
vt 0.164318 0.603380
vt 0.135181 0.604597
vt 0.106345 0.606455
vt 0.077822 0.609183
vt 0.049637 0.613050
vt 0.021960 0.618186
vt 0.969688 0.618186
vt 0.942467 0.613153
vt 0.914760 0.609402
vt 0.886626 0.606821
vt 0.607151 0.715567
vt 0.607151 0.727308
vt 0.533791 0.727308
vt 0.533790 0.715567
vt 0.868354 0.715566
vt 0.868354 0.727308
vt 0.765223 0.716958
vt 0.765223 0.708164
vt 0.710276 0.716958
vt 0.710276 0.708164
vt 0.618881 0.618497
vt 0.721863 0.627731
vt 0.721863 0.682678
vt 0.618881 0.691858
vt 0.618570 0.682624
vt 0.515335 0.691858
vt 0.515335 0.618497
vt 0.618570 0.627676
vn -0.8178 0.0000 -0.5755
vn -0.6898 0.0000 -0.7240
vn -0.5354 0.0000 -0.8446
vn -0.3603 0.0000 -0.9328
vn -0.1714 0.0000 -0.9852
vn 0.0241 0.0000 -0.9997
vn 0.2187 0.0000 -0.9758
vn 0.4049 0.0000 -0.9144
vn 0.5755 0.0000 -0.8178
vn 0.7240 0.0000 -0.6898
vn 0.8446 0.0000 -0.5354
vn 0.9328 0.0000 -0.3603
vn 0.9852 0.0000 -0.1714
vn 0.9997 0.0000 0.0241
vn 0.9758 0.0000 0.2187
vn 0.9144 0.0000 0.4049
vn 0.8178 0.0000 0.5755
vn 0.6898 0.0000 0.7240
vn 0.5354 0.0000 0.8446
vn 0.3603 0.0000 0.9328
vn 0.1714 0.0000 0.9852
vn -0.0241 0.0000 0.9997
vn -0.2187 0.0000 0.9758
vn -0.4049 0.0000 0.9144
vn -0.5755 0.0000 0.8178
vn -0.7240 0.0000 0.6898
vn -0.8446 0.0000 0.5354
vn -0.9328 0.0000 0.3603
vn -0.9852 0.0000 0.1714
vn -0.9997 0.0000 -0.0241
vn -0.8184 -0.5744 -0.0197
vn -0.9758 0.0000 -0.2187
vn -0.9144 0.0000 -0.4049
vn 0.8276 0.4614 -0.3196
vn 0.0000 -1.0000 -0.0000
vn 0.1520 0.4614 0.8741
vn -0.2949 -0.5744 -0.7636
vn -0.8869 0.4614 -0.0214
vn 0.8065 -0.5744 -0.1403
vn -0.3196 0.4614 -0.8276
vn -0.0197 -0.5744 0.8184
vn 0.8741 0.4614 -0.1520
vn -0.7988 -0.5744 -0.1790
vn -0.0214 0.4614 0.8869
vn -0.1403 -0.5744 -0.8065
vn -0.8657 0.4614 -0.1940
vn 0.8184 -0.5744 0.0197
vn -0.1520 0.4614 -0.8741
vn -0.1790 -0.5744 0.7988
vn 0.8869 0.4614 0.0214
vn -0.7485 -0.5744 -0.3314
vn -0.1940 0.4614 0.8657
vn 0.0197 -0.5744 -0.8184
vn -0.8112 0.4614 -0.3592
vn 0.7988 -0.5744 0.1790
vn 0.0214 0.4614 -0.8869
vn -0.3314 -0.5744 0.7485
vn 0.8657 0.4614 0.1940
vn -0.3592 0.4614 0.8112
vn 0.1790 -0.5744 -0.7988
vn 0.7485 -0.5744 0.3314
vn 0.1940 0.4614 -0.8657
vn -0.4711 -0.5744 0.6695
vn 0.8112 0.4614 0.3592
vn -0.5105 0.4614 0.7256
vn 0.3314 -0.5744 -0.7485
vn 0.6695 -0.5744 0.4711
vn 0.3592 0.4614 -0.8112
vn -0.5926 -0.5744 0.5647
vn 0.7256 0.4614 0.5105
vn -0.6423 0.4614 0.6120
vn 0.4711 -0.5744 -0.6695
vn 0.5647 -0.5744 0.5926
vn 0.5105 0.4614 -0.7256
vn -0.6695 -0.5744 -0.4711
vn -0.6914 -0.5744 0.4382
vn 0.6120 0.4614 0.6423
vn -0.7256 0.4614 -0.5105
vn -0.7493 0.4614 0.4750
vn 0.5926 -0.5744 -0.5647
vn 0.4382 -0.5744 0.6914
vn 0.6423 0.4614 -0.6120
vn -0.7636 -0.5744 0.2949
vn 0.4750 0.4614 0.7493
vn -0.5647 -0.5744 -0.5926
vn -0.8276 0.4614 0.3196
vn 0.6914 -0.5744 -0.4382
vn -0.6120 0.4614 -0.6423
vn 0.2949 -0.5744 0.7636
vn 0.7493 0.4614 -0.4750
vn -0.8065 -0.5744 0.1403
vn 0.3196 0.4614 0.8276
vn -0.4382 -0.5744 -0.6914
vn -0.8741 0.4614 0.1520
vn 0.7636 -0.5744 -0.2949
vn -0.4750 0.4614 -0.7493
vn 0.1403 -0.5744 0.8065
vn 0.0000 1.0000 -0.0000
vn 0.0992 -0.0021 0.9951
vn -0.9999 0.0032 0.0097
vn -0.0992 0.0021 -0.9951
vn 0.9823 -0.0028 -0.1874
vn 0.0039 -0.9976 0.0697
vn -0.0067 0.9952 -0.0979
usemtl Material.005
s off
f 465/627/209 466/628/209 468/629/209 467/630/209
f 467/630/210 468/629/210 470/631/210 469/632/210
f 469/632/211 470/631/211 472/633/211 471/634/211
f 471/634/212 472/633/212 474/635/212 473/636/212
f 473/636/213 474/635/213 476/637/213 475/638/213
f 475/638/214 476/637/214 478/639/214 477/640/214
f 477/640/215 478/639/215 480/641/215 479/642/215
f 479/642/216 480/641/216 482/643/216 481/644/216
f 481/644/217 482/643/217 484/645/217 483/646/217
f 483/646/218 484/645/218 486/647/218 485/648/218
f 485/648/219 486/647/219 488/649/219 487/650/219
f 487/650/220 488/649/220 490/651/220 489/652/220
f 489/652/221 490/651/221 492/653/221 491/654/221
f 491/654/222 492/653/222 494/655/222 493/656/222
f 493/656/223 494/655/223 496/657/223 495/658/223
f 495/658/224 496/657/224 498/659/224 497/660/224
f 497/660/225 498/659/225 500/661/225 499/662/225
f 499/663/226 500/664/226 502/665/226 501/666/226
f 501/666/227 502/665/227 504/667/227 503/668/227
f 503/668/228 504/667/228 506/669/228 505/670/228
f 505/670/229 506/669/229 508/671/229 507/672/229
f 507/672/230 508/671/230 510/673/230 509/674/230
f 509/674/231 510/673/231 512/675/231 511/676/231
f 511/676/232 512/675/232 514/677/232 513/678/232
f 513/678/233 514/677/233 516/679/233 515/680/233
f 515/680/234 516/679/234 518/681/234 517/682/234
f 517/682/235 518/681/235 520/683/235 519/684/235
f 519/684/236 520/683/236 522/685/236 521/686/236
f 521/686/237 522/685/237 524/687/237 523/688/237
f 523/688/238 524/687/238 526/689/238 525/690/238
f 523/688/239 525/690/239 589/691/239 587/692/239
f 525/690/240 526/689/240 528/693/240 527/694/240
f 527/694/241 528/693/241 466/628/241 465/627/241
f 490/651/242 488/649/242 552/695/242 554/696/242
f 599/697/231 600/698/231 664/699/231 663/700/231
f 529/701/243 530/702/243 533/703/243 535/704/243 537/705/243 539/706/243 541/707/243 543/708/243 545/709/243 547/710/243 549/711/243 551/712/243 553/713/243 555/714/243 557/715/243 559/716/243 561/717/243 563/718/243 565/719/243 567/720/243 569/721/243 571/722/243 573/723/243 575/724/243 577/725/243 579/726/243 581/727/243 583/728/243 585/729/243 587/730/243 589/731/243 591/732/243
f 508/671/244 506/669/244 570/733/244 572/734/244
f 471/634/245 473/636/245 537/735/245 535/736/245
f 526/689/246 524/687/246 588/737/246 590/738/246
f 489/652/247 491/654/247 555/739/247 553/740/247
f 474/635/248 472/633/248 536/741/248 538/742/248
f 507/672/249 509/674/249 573/743/249 571/744/249
f 492/653/250 490/651/250 554/696/250 556/745/250
f 525/690/251 527/694/251 591/746/251 589/691/251
f 510/673/252 508/671/252 572/734/252 574/747/252
f 473/636/253 475/638/253 539/748/253 537/735/253
f 528/693/254 526/689/254 590/738/254 592/749/254
f 491/654/255 493/656/255 557/750/255 555/739/255
f 476/637/256 474/635/256 538/742/256 540/751/256
f 509/674/257 511/676/257 575/752/257 573/743/257
f 494/655/258 492/653/258 556/745/258 558/753/258
f 527/694/259 465/627/259 529/754/259 591/746/259
f 512/675/260 510/673/260 574/747/260 576/755/260
f 475/638/261 477/640/261 541/756/261 539/748/261
f 466/628/262 528/693/262 592/749/262 532/757/262
f 493/656/263 495/658/263 559/758/263 557/750/263
f 478/639/264 476/637/264 540/751/264 542/759/264
f 511/676/265 513/678/265 577/760/265 575/752/265
f 496/657/266 494/655/266 558/753/266 560/761/266
f 514/677/267 512/675/267 576/755/267 578/762/267
f 477/640/268 479/642/268 543/763/268 541/756/268
f 495/658/269 497/660/269 561/764/269 559/758/269
f 480/641/270 478/639/270 542/759/270 544/765/270
f 513/678/271 515/680/271 579/766/271 577/760/271
f 498/659/272 496/657/272 560/761/272 562/767/272
f 516/679/273 514/677/273 578/762/273 580/768/273
f 479/642/274 481/644/274 545/769/274 543/763/274
f 497/660/275 499/662/275 563/770/275 561/764/275
f 482/643/276 480/641/276 544/765/276 546/771/276
f 515/680/277 517/682/277 581/772/277 579/766/277
f 500/661/278 498/659/278 562/767/278 564/773/278
f 518/681/279 516/679/279 580/768/279 582/774/279
f 481/644/280 483/646/280 547/775/280 545/769/280
f 499/663/281 501/666/281 565/776/281 563/777/281
f 484/645/282 482/643/282 546/771/282 548/778/282
f 465/627/283 467/630/283 530/779/283 529/754/283
f 517/682/284 519/684/284 583/780/284 581/772/284
f 502/665/285 500/664/285 564/781/285 566/782/285
f 468/629/286 466/628/286 532/757/286 531/783/286
f 520/683/287 518/681/287 582/774/287 584/784/287
f 483/646/288 485/648/288 549/785/288 547/775/288
f 501/666/289 503/668/289 567/786/289 565/776/289
f 486/647/290 484/645/290 548/778/290 550/787/290
f 519/684/291 521/686/291 585/788/291 583/780/291
f 504/667/292 502/665/292 566/782/292 568/789/292
f 467/630/293 469/632/293 533/790/293 530/779/293
f 522/685/294 520/683/294 584/784/294 586/791/294
f 485/648/295 487/650/295 551/792/295 549/785/295
f 470/631/296 468/629/296 531/783/296 534/793/296
f 503/668/297 505/670/297 569/794/297 567/786/297
f 488/649/298 486/647/298 550/787/298 552/695/298
f 521/686/299 523/688/299 587/692/299 585/788/299
f 506/669/300 504/667/300 568/789/300 570/733/300
f 469/632/301 471/634/301 535/736/301 533/790/301
f 524/687/302 522/685/302 586/791/302 588/737/302
f 487/650/303 489/652/303 553/740/303 551/792/303
f 472/633/304 470/631/304 534/793/304 536/741/304
f 505/670/305 507/672/305 571/744/305 569/794/305
f 593/795/306 594/796/306 624/797/306 623/798/306 622/799/306 621/800/306 620/801/306 619/802/306 618/803/306 617/804/306 616/805/306 615/806/306 614/807/306 613/808/306 612/809/306 611/810/306 610/811/306 609/812/306 608/813/306 607/814/306 606/815/306 605/816/306 604/817/306 603/818/306 602/819/306 601/820/306 600/821/306 599/822/306 598/823/306 597/824/306 596/825/306 595/826/306
f 534/793/210 531/783/210 625/827/210 627/828/210
f 560/761/223 558/753/223 639/829/223 640/830/223
f 586/791/236 584/784/236 652/831/236 653/832/236
f 598/833/230 599/697/230 663/700/230 662/834/230
f 624/835/224 594/836/224 658/837/224 688/838/224
f 531/783/209 532/757/209 626/839/209 625/827/209
f 597/840/229 598/833/229 662/834/229 661/841/229
f 558/753/222 556/745/222 638/842/222 639/829/222
f 623/843/223 624/835/223 688/838/223 687/844/223
f 584/784/235 582/774/235 651/845/235 652/831/235
f 596/846/228 597/840/228 661/841/228 660/847/228
f 622/848/222 623/843/222 687/844/222 686/849/222
f 595/850/227 596/846/227 660/847/227 659/851/227
f 556/745/221 554/696/221 637/852/221 638/842/221
f 621/853/221 622/848/221 686/849/221 685/854/221
f 582/774/234 580/768/234 650/855/234 651/845/234
f 593/856/226 595/850/226 659/851/226 657/857/226
f 620/858/220 621/853/220 685/854/220 684/859/220
f 594/836/225 593/856/225 657/857/225 658/837/225
f 554/696/220 552/695/220 636/860/220 637/852/220
f 619/861/219 620/858/219 684/859/219 683/862/219
f 580/768/233 578/762/233 649/863/233 650/855/233
f 618/864/218 619/861/218 683/862/218 682/865/218
f 552/695/219 550/787/219 635/866/219 636/860/219
f 617/867/217 618/864/217 682/865/217 681/868/217
f 578/762/232 576/755/232 648/869/232 649/863/232
f 616/870/216 617/867/216 681/868/216 680/871/216
f 550/787/218 548/778/218 634/872/218 635/866/218
f 615/873/215 616/870/215 680/871/215 679/874/215
f 576/755/231 574/747/231 647/875/231 648/869/231
f 614/876/214 615/873/214 679/874/214 678/877/214
f 652/831/306 651/845/306 683/862/306 684/859/306
f 632/878/306 631/879/306 663/700/306 664/699/306
f 639/829/306 638/842/306 670/880/306 671/881/306
f 646/882/306 645/883/306 677/884/306 678/877/306
f 625/827/306 626/839/306 658/837/306 657/857/306
f 653/832/306 652/831/306 684/859/306 685/854/306
f 633/885/306 632/878/306 664/699/306 665/886/306
f 640/830/306 639/829/306 671/881/306 672/887/306
f 647/875/306 646/882/306 678/877/306 679/874/306
f 627/828/306 625/827/306 657/857/306 659/851/306
f 654/888/306 653/832/306 685/854/306 686/849/306
f 634/872/306 633/885/306 665/886/306 666/889/306
f 641/890/306 640/830/306 672/887/306 673/891/306
f 648/869/306 647/875/306 679/874/306 680/871/306
f 628/892/306 627/828/306 659/851/306 660/847/306
f 655/893/306 654/888/306 686/849/306 687/844/306
f 635/866/306 634/872/306 666/889/306 667/894/306
f 642/895/306 641/890/306 673/891/306 674/896/306
f 649/863/306 648/869/306 680/871/306 681/868/306
f 629/897/306 628/892/306 660/847/306 661/841/306
f 656/898/306 655/893/306 687/844/306 688/838/306
f 636/860/306 635/866/306 667/894/306 668/899/306
f 643/900/306 642/901/306 674/902/306 675/903/306
f 650/855/306 649/863/306 681/868/306 682/865/306
f 630/904/306 629/897/306 661/841/306 662/834/306
f 626/839/306 656/898/306 688/838/306 658/837/306
f 637/852/306 636/860/306 668/899/306 669/905/306
f 644/906/306 643/900/306 675/903/306 676/907/306
f 651/845/306 650/855/306 682/865/306 683/862/306
f 631/879/306 630/904/306 662/834/306 663/700/306
f 638/842/306 637/852/306 669/905/306 670/880/306
f 645/883/306 644/906/306 676/907/306 677/884/306
f 600/698/232 601/908/232 665/886/232 664/699/232
f 588/737/237 586/791/237 653/832/237 654/888/237
f 562/767/224 560/761/224 640/830/224 641/890/224
f 536/741/211 534/793/211 627/828/211 628/892/211
f 601/908/233 602/909/233 666/889/233 665/886/233
f 602/909/234 603/910/234 667/894/234 666/889/234
f 590/738/238 588/737/238 654/888/238 655/893/238
f 564/773/225 562/767/225 641/890/225 642/895/225
f 538/742/212 536/741/212 628/892/212 629/897/212
f 603/910/235 604/911/235 668/899/235 667/894/235
f 604/911/236 605/912/236 669/905/236 668/899/236
f 592/749/240 590/738/240 655/893/240 656/898/240
f 566/782/226 564/781/226 642/901/226 643/900/226
f 540/751/213 538/742/213 629/897/213 630/904/213
f 605/912/237 606/913/237 670/880/237 669/905/237
f 606/913/238 607/914/238 671/881/238 670/880/238
f 532/757/241 592/749/241 656/898/241 626/839/241
f 568/789/227 566/782/227 643/900/227 644/906/227
f 542/759/214 540/751/214 630/904/214 631/879/214
f 607/914/240 608/915/240 672/887/240 671/881/240
f 608/915/241 609/916/241 673/891/241 672/887/241
f 570/733/228 568/789/228 644/906/228 645/883/228
f 609/916/209 610/917/209 674/896/209 673/891/209
f 544/765/215 542/759/215 631/879/215 632/878/215
f 610/918/210 611/919/210 675/903/210 674/902/210
f 572/734/229 570/733/229 645/883/229 646/882/229
f 611/919/211 612/920/211 676/907/211 675/903/211
f 546/771/216 544/765/216 632/878/216 633/885/216
f 612/920/212 613/921/212 677/884/212 676/907/212
f 574/747/230 572/734/230 646/882/230 647/875/230
f 613/921/213 614/876/213 678/877/213 677/884/213
f 548/778/217 546/771/217 633/885/217 634/872/217
f 689/922/307 690/923/307 692/924/307 691/925/307
f 691/926/308 692/927/308 696/928/308 695/929/308
f 695/929/309 696/928/309 694/930/309 693/931/309
f 693/931/310 694/930/310 690/923/310 689/922/310
f 691/932/311 695/933/311 693/934/311 689/935/311
f 696/936/312 692/937/312 690/938/312 694/939/312
o Cylinder.002
v -3.150290 0.229002 0.014698
v -3.150290 3.130568 0.014698
v -3.133945 0.229002 -0.180653
v -3.133945 3.130568 -0.180653
v -3.079803 0.229002 -0.369063
v -3.079803 3.130568 -0.369063
v -2.989944 0.229002 -0.543289
v -2.989944 3.130568 -0.543289
v -2.867822 0.229002 -0.696637
v -2.867822 3.130568 -0.696637
v -2.718130 0.229002 -0.823214
v -2.718130 3.130568 -0.823214
v -2.546620 0.229002 -0.918155
v -2.546620 3.130568 -0.918155
v -2.359884 0.229002 -0.977812
v -2.359884 3.130568 -0.977812
v -2.165097 0.229002 -0.999892
v -2.165097 3.130568 -0.999892
v -1.969745 0.229002 -0.983547
v -1.969745 3.130568 -0.983547
v -1.781336 0.229002 -0.929405
v -1.781336 3.130568 -0.929405
v -1.607110 0.229002 -0.839546
v -1.607110 3.130568 -0.839546
v -1.453761 0.229002 -0.717424
v -1.453761 3.130568 -0.717424
v -1.327185 0.229002 -0.567731
v -1.327185 3.130568 -0.567731
v -1.232243 0.229002 -0.396221
v -1.232243 3.130568 -0.396221
v -1.172587 0.229002 -0.209485
v -1.172587 3.130568 -0.209485
v -1.150506 0.229002 -0.014698
v -1.150506 3.130568 -0.014698
v -1.166852 0.229002 0.180654
v -1.166852 3.130568 0.180654
v -1.220994 0.229002 0.369063
v -1.220994 3.130568 0.369063
v -1.310853 0.229002 0.543290
v -1.310853 3.130568 0.543290
v -1.432975 0.229002 0.696638
v -1.432975 3.130568 0.696638
v -1.582668 0.229002 0.823214
v -1.582668 3.130568 0.823214
v -1.754178 0.229002 0.918155
v -1.754178 3.130568 0.918155
v -1.940914 0.229002 0.977812
v -1.940914 3.130568 0.977812
v -2.135701 0.229002 0.999892
v -2.135701 3.130568 0.999892
v -2.331053 0.229002 0.983547
v -2.331053 3.130568 0.983547
v -2.519462 0.229002 0.929404
v -2.519462 3.130568 0.929404
v -2.693689 0.229002 0.839545
v -2.693689 3.130568 0.839545
v -2.847037 0.229002 0.717423
v -2.847037 3.130568 0.717423
v -2.973613 0.229002 0.567730
v -2.973613 3.130568 0.567730
v -3.068554 0.229002 0.396220
v -3.068554 3.130568 0.396220
v -3.128211 0.229002 0.209484
v -3.128211 3.130568 0.209484
v -2.993120 0.006049 0.012388
v -2.979344 0.006049 -0.152257
v -2.979344 3.431333 -0.152257
v -2.993120 3.431333 0.012388
v -2.933712 0.006049 -0.311051
v -2.933712 3.431333 -0.311051
v -2.857978 0.006049 -0.457891
v -2.857978 3.431333 -0.457891
v -2.755052 0.006049 -0.587134
v -2.755052 3.431333 -0.587134
v -2.628890 0.006049 -0.693815
v -2.628890 3.431333 -0.693815
v -2.484339 0.006049 -0.773832
v -2.484339 3.431333 -0.773832
v -2.326955 0.006049 -0.824112
v -2.326955 3.431333 -0.824112
v -2.162786 0.006049 -0.842721
v -2.162786 3.431333 -0.842721
v -1.998142 0.006049 -0.828945
v -1.998142 3.431333 -0.828945
v -1.839348 0.006049 -0.783314
v -1.839348 3.431333 -0.783314
v -1.692508 0.006049 -0.707579
v -1.692508 3.431333 -0.707579
v -1.563264 0.006049 -0.604653
v -1.563264 3.431333 -0.604653
v -1.456584 0.006049 -0.478491
v -1.456584 3.431333 -0.478491
v -1.376566 0.006049 -0.333940
v -1.376566 3.431333 -0.333940
v -1.326287 0.006049 -0.176556
v -1.326287 3.431333 -0.176556
v -1.307677 0.006049 -0.012388
v -1.307677 3.431333 -0.012388
v -1.321453 0.006049 0.152257
v -1.321453 3.431333 0.152257
v -1.367085 0.006049 0.311051
v -1.367085 3.431333 0.311051
v -1.442819 0.006049 0.457891
v -1.442819 3.431333 0.457891
v -1.545745 0.006049 0.587135
v -1.545745 3.431333 0.587135
v -1.671908 0.006049 0.693815
v -1.671908 3.431333 0.693815
v -1.816459 0.006049 0.773832
v -1.816459 3.431333 0.773832
v -1.973843 0.006049 0.824112
v -1.973843 3.431333 0.824112
v -2.138011 0.006049 0.842721
v -2.138011 3.431333 0.842721
v -2.302656 0.006049 0.828945
v -2.302656 3.431333 0.828945
v -2.461450 0.006049 0.783313
v -2.461450 3.431333 0.783313
v -2.608290 0.006049 0.707579
v -2.608290 3.431333 0.707579
v -2.737534 0.006049 0.604653
v -2.737534 3.431333 0.604653
v -2.844214 0.006049 0.478490
v -2.844214 3.431333 0.478490
v -2.924231 0.006049 0.333939
v -2.924231 3.431333 0.333939
v -2.974511 0.006049 0.176555
v -2.974511 3.431333 0.176555
v -2.896662 3.431333 -0.137070
v -2.909064 3.431333 0.011152
v -2.855582 3.431333 -0.280025
v -2.787402 3.431333 -0.412219
v -2.694742 3.431333 -0.528572
v -2.581163 3.431333 -0.624612
v -2.451031 3.431333 -0.696648
v -2.309345 3.431333 -0.741912
v -2.161551 3.431333 -0.758666
v -2.013328 3.431333 -0.746264
v -1.870373 3.431333 -0.705184
v -1.738179 3.431333 -0.637003
v -1.621827 3.431333 -0.544343
v -1.525787 3.431333 -0.430765
v -1.453751 3.431333 -0.300632
v -1.408486 3.431333 -0.158946
v -1.391733 3.431333 -0.011152
v -1.404135 3.431333 0.137071
v -1.445215 3.431333 0.280026
v -1.513396 3.431333 0.412220
v -1.606055 3.431333 0.528572
v -1.719634 3.431333 0.624612
v -1.849767 3.431333 0.696648
v -1.991453 3.431333 0.741912
v -2.139247 3.431333 0.758666
v -2.287470 3.431333 0.746264
v -2.430425 3.431333 0.705183
v -2.562619 3.431333 0.637003
v -2.678971 3.431333 0.544343
v -2.775011 3.431333 0.430764
v -2.847047 3.431333 0.300631
v -2.892311 3.431333 0.158945
v -2.979344 3.496076 -0.152257
v -2.993120 3.496076 0.012388
v -2.933712 3.496076 -0.311051
v -2.857978 3.496076 -0.457891
v -2.755052 3.496076 -0.587134
v -2.628890 3.496076 -0.693815
v -2.484339 3.496076 -0.773832
v -2.326955 3.496076 -0.824112
v -2.162786 3.496076 -0.842721
v -1.998142 3.496076 -0.828945
v -1.839348 3.496076 -0.783314
v -1.692508 3.496076 -0.707579
v -1.563264 3.496076 -0.604653
v -1.456584 3.496076 -0.478491
v -1.376566 3.496076 -0.333940
v -1.326287 3.496076 -0.176556
v -1.307677 3.496076 -0.012388
v -1.321453 3.496076 0.152257
v -1.367085 3.496076 0.311051
v -1.442819 3.496076 0.457891
v -1.545745 3.496076 0.587135
v -1.671908 3.496076 0.693815
v -1.816459 3.496076 0.773832
v -1.973843 3.496076 0.824112
v -2.138011 3.496076 0.842721
v -2.302656 3.496076 0.828945
v -2.461450 3.496076 0.783313
v -2.608290 3.496076 0.707579
v -2.737534 3.496076 0.604653
v -2.844214 3.496076 0.478490
v -2.924231 3.496076 0.333939
v -2.974511 3.496076 0.176555
v -2.896662 3.496076 -0.137070
v -2.909064 3.496076 0.011152
v -2.855582 3.496076 -0.280025
v -2.787402 3.496076 -0.412219
v -2.694742 3.496076 -0.528572
v -2.581163 3.496076 -0.624612
v -2.451031 3.496076 -0.696648
v -2.309345 3.496076 -0.741912
v -2.161551 3.496076 -0.758666
v -2.013328 3.496076 -0.746264
v -1.870373 3.496076 -0.705184
v -1.738179 3.496076 -0.637003
v -1.621827 3.496076 -0.544343
v -1.525787 3.496076 -0.430765
v -1.453751 3.496076 -0.300632
v -1.408486 3.496076 -0.158946
v -1.391733 3.496076 -0.011152
v -1.404135 3.496076 0.137071
v -1.445215 3.496076 0.280026
v -1.513396 3.496076 0.412220
v -1.606055 3.496076 0.528572
v -1.719634 3.496076 0.624612
v -1.849767 3.496076 0.696648
v -1.991453 3.496076 0.741912
v -2.139247 3.496076 0.758666
v -2.287470 3.496076 0.746264
v -2.430425 3.496076 0.705183
v -2.562619 3.496076 0.637003
v -2.678971 3.496076 0.544343
v -2.775011 3.496076 0.430764
v -2.847047 3.496076 0.300631
v -2.892311 3.496076 0.158945
v -1.577855 3.436302 0.370586
v -1.577584 3.509042 0.370582
v -1.945334 3.437687 0.637989
v -1.945063 3.510427 0.637985
v -1.998408 3.391985 -0.110474
v -1.998205 3.446467 -0.110477
v -2.273648 3.393022 0.089809
v -2.273445 3.447504 0.089806
vt 0.530465 0.051746
vt 0.528146 0.502345
vt 0.497495 0.502255
vt 0.499342 0.051616
vt 0.466841 0.502194
vt 0.468217 0.051521
vt 0.436188 0.502165
vt 0.437089 0.051459
vt 0.405544 0.502171
vt 0.405960 0.051432
vt 0.374912 0.502220
vt 0.374832 0.051439
vt 0.344297 0.502325
vt 0.343706 0.051483
vt 0.313700 0.502500
vt 0.312585 0.051562
vt 0.283119 0.502768
vt 0.281475 0.051675
vt 0.252546 0.503156
vt 0.250383 0.051818
vt 0.221964 0.503700
vt 0.219317 0.051976
vt 0.191345 0.504444
vt 0.188286 0.052124
vt 0.160640 0.505441
vt 0.157293 0.052216
vt 0.129775 0.506754
vt 0.126329 0.052170
vt 0.098635 0.508454
vt 0.095346 0.051855
vt 0.067054 0.510618
vt 0.064223 0.051061
vt 0.034805 0.513319
vt 0.032689 0.049469
vt 0.001620 0.516505
vt 0.000155 0.046652
vt 0.999845 0.050819
vt 0.991494 0.520069
vt 0.958386 0.515997
vt 0.967108 0.052944
vt 0.926389 0.512799
vt 0.935131 0.054165
vt 0.895077 0.510316
vt 0.903660 0.054708
vt 0.864186 0.508398
vt 0.872442 0.054815
vt 0.833539 0.506923
vt 0.841338 0.054660
vt 0.803020 0.505793
vt 0.810277 0.054363
vt 0.772554 0.504928
vt 0.779223 0.054002
vt 0.742097 0.504265
vt 0.748162 0.053624
vt 0.711623 0.503756
vt 0.717090 0.053258
vt 0.681119 0.503362
vt 0.686006 0.052918
vt 0.650581 0.503054
vt 0.654911 0.052612
vt 0.620010 0.502811
vt 0.623809 0.052341
vt 0.589410 0.502618
vt 0.592699 0.052107
vt 0.593159 0.004516
vt 0.624328 0.004759
vt 0.558786 0.502465
vt 0.561584 0.051909
vt 0.192904 0.562066
vt 0.162939 0.563065
vt 0.344042 0.601939
vt 0.313671 0.601889
vt 0.313745 0.588815
vt 0.344134 0.588821
vt 0.049240 0.648723
vt 0.071415 0.633906
vt 0.096054 0.623700
vt 0.122211 0.618497
vt 0.148881 0.618497
vt 0.175038 0.623699
vt 0.199678 0.633905
vt 0.221853 0.648722
vt 0.240712 0.667581
vt 0.255529 0.689756
vt 0.265735 0.714396
vt 0.270938 0.740553
vt 0.270938 0.767223
vt 0.265735 0.793381
vt 0.255529 0.818020
vt 0.240712 0.840196
vt 0.221854 0.859054
vt 0.199678 0.873871
vt 0.175039 0.884077
vt 0.148881 0.889280
vt 0.122211 0.889280
vt 0.096054 0.884077
vt 0.071414 0.873871
vt 0.049240 0.859054
vt 0.030381 0.840195
vt 0.015564 0.818020
vt 0.005358 0.793381
vt 0.000155 0.767223
vt 0.000156 0.740553
vt 0.005359 0.714396
vt 0.015565 0.689756
vt 0.030382 0.667581
vt 0.889961 0.567430
vt 0.860389 0.565378
vt 0.406096 0.003814
vt 0.437279 0.003844
vt 0.619433 0.560982
vt 0.588893 0.560876
vt 0.126544 0.005562
vt 0.157201 0.005269
vt 0.435865 0.560508
vt 0.405278 0.560470
vt 0.841809 0.007485
vt 0.872496 0.007768
vt 0.133050 0.564514
vt 0.561987 0.004311
vt 0.830715 0.563946
vt 0.374909 0.003822
vt 0.558314 0.560784
vt 0.096213 0.005638
vt 0.374725 0.560454
vt 0.810946 0.007067
vt 0.103192 0.566572
vt 0.530814 0.004142
vt 0.800909 0.562958
vt 0.343721 0.003872
vt 0.527710 0.560702
vt 0.066327 0.005189
vt 0.344220 0.560474
vt 0.779961 0.006607
vt 0.073294 0.569453
vt 0.770961 0.562281
vt 0.312536 0.003968
vt 0.037010 0.003674
vt 0.313777 0.560546
vt 0.748898 0.006158
vt 0.043289 0.573455
vt 0.740873 0.561820
vt 0.281360 0.004118
vt 0.008605 0.000155
vt 0.283412 0.560697
vt 0.717787 0.005742
vt 0.012997 0.578833
vt 0.710658 0.561502
vt 0.250208 0.004327
vt 0.962886 0.005514
vt 0.992387 0.002158
vt 0.253139 0.560963
vt 0.499638 0.004009
vt 0.686647 0.005370
vt 0.978580 0.579902
vt 0.949024 0.574403
vt 0.497093 0.560628
vt 0.680334 0.561277
vt 0.219102 0.004597
vt 0.933083 0.007146
vt 0.222968 0.561397
vt 0.655492 0.005042
vt 0.919480 0.570336
vt 0.468460 0.003909
vt 0.649919 0.561111
vt 0.188080 0.004921
vt 0.466474 0.560562
vt 0.902942 0.007748
vt 0.470835 0.835060
vt 0.450872 0.848399
vt 0.428690 0.857587
vt 0.405141 0.862271
vt 0.381132 0.862271
vt 0.357583 0.857587
vt 0.335401 0.848399
vt 0.315438 0.835060
vt 0.298460 0.818082
vt 0.285121 0.798119
vt 0.275933 0.775937
vt 0.271249 0.752389
vt 0.271249 0.728379
vt 0.275933 0.704831
vt 0.285121 0.682649
vt 0.298460 0.662685
vt 0.315438 0.645708
vt 0.335401 0.632369
vt 0.357583 0.623181
vt 0.381132 0.618497
vt 0.405141 0.618497
vt 0.428690 0.623181
vt 0.450872 0.632369
vt 0.470835 0.645708
vt 0.487813 0.662686
vt 0.501152 0.682649
vt 0.510340 0.704831
vt 0.515024 0.728379
vt 0.515024 0.752389
vt 0.510340 0.775937
vt 0.501151 0.798119
vt 0.487812 0.818082
vt 0.497106 0.572690
vt 0.466490 0.572622
vt 0.104205 0.578266
vt 0.074692 0.581149
vt 0.680306 0.573236
vt 0.649909 0.573105
vt 0.374504 0.602012
vt 0.374606 0.588862
vt 0.558051 0.602452
vt 0.527446 0.602397
vt 0.527548 0.589199
vt 0.558150 0.589262
vt 0.527721 0.572761
vt 0.405033 0.602095
vt 0.405139 0.588921
vt 0.133776 0.576225
vt 0.588629 0.602496
vt 0.588725 0.589323
vt 0.710603 0.573419
vt 0.435608 0.602179
vt 0.435715 0.588989
vt 0.619163 0.602531
vt 0.619257 0.589381
vt 0.466211 0.602259
vt 0.466317 0.589061
vt 0.163453 0.574812
vt 0.649630 0.602560
vt 0.649726 0.589444
vt 0.740773 0.573686
vt 0.496828 0.602332
vt 0.496932 0.589131
vt 0.680004 0.602593
vt 0.680107 0.589523
vt 0.193262 0.573859
vt 0.710251 0.602647
vt 0.710373 0.589638
vt 0.770792 0.574089
vt 0.740333 0.602751
vt 0.740491 0.589820
vt 0.223215 0.573238
vt 0.770203 0.602958
vt 0.770425 0.590122
vt 0.800638 0.574702
vt 0.799814 0.603341
vt 0.800138 0.590618
vt 0.253307 0.572853
vt 0.829117 0.604008
vt 0.829598 0.591415
vt 0.830295 0.575627
vt 0.858068 0.605104
vt 0.858777 0.592654
vt 0.313853 0.572516
vt 0.344272 0.572474
vt 0.134564 0.592030
vt 0.105401 0.593995
vt 0.859758 0.577000
vt 0.889036 0.579004
vt 0.887658 0.594522
vt 0.283525 0.572630
vt 0.283463 0.588868
vt 0.076441 0.596833
vt 0.619433 0.573002
vt 0.253316 0.589018
vt 0.045168 0.585089
vt 0.047717 0.600867
vt 0.435885 0.572561
vt 0.588898 0.572915
vt 0.223331 0.589320
vt 0.015061 0.590713
vt 0.019695 0.606378
vt 0.405304 0.572511
vt 0.558322 0.572836
vt 0.193532 0.589849
vt 0.947129 0.586018
vt 0.976303 0.591827
vt 0.971878 0.606337
vt 0.944494 0.601060
vt 0.374761 0.572478
vt 0.163940 0.590707
vt 0.918150 0.581884
vt 0.916230 0.597250
vt 0.283421 0.601887
vt 0.253325 0.601969
vt 0.223419 0.602189
vt 0.193739 0.602624
vt 0.164318 0.603380
vt 0.135181 0.604597
vt 0.106345 0.606455
vt 0.077822 0.609183
vt 0.049637 0.613050
vt 0.021960 0.618186
vt 0.969688 0.618186
vt 0.942467 0.613153
vt 0.914760 0.609402
vt 0.886626 0.606821
vt 0.607151 0.715567
vt 0.607151 0.727308
vt 0.533791 0.727308
vt 0.533790 0.715567
vt 0.868354 0.715566
vt 0.868354 0.727308
vt 0.765223 0.716958
vt 0.765223 0.708164
vt 0.710276 0.716958
vt 0.710276 0.708164
vt 0.618881 0.618497
vt 0.721863 0.627731
vt 0.721863 0.682678
vt 0.618881 0.691858
vt 0.618570 0.682624
vt 0.515335 0.691858
vt 0.515335 0.618497
vt 0.618570 0.627676
vn -0.9965 0.0000 -0.0834
vn -0.9611 0.0000 -0.2762
vn -0.8888 0.0000 -0.4584
vn -0.7823 0.0000 -0.6230
vn -0.6457 0.0000 -0.7636
vn -0.4843 0.0000 -0.8749
vn -0.3043 0.0000 -0.9526
vn -0.1126 0.0000 -0.9936
vn 0.0834 0.0000 -0.9965
vn 0.2762 0.0000 -0.9611
vn 0.4584 0.0000 -0.8888
vn 0.6230 0.0000 -0.7823
vn 0.7636 0.0000 -0.6457
vn 0.8749 0.0000 -0.4843
vn 0.9526 0.0000 -0.3043
vn 0.9936 0.0000 -0.1126
vn 0.9965 0.0000 0.0834
vn 0.9611 0.0000 0.2762
vn 0.8888 0.0000 0.4584
vn 0.7823 0.0000 0.6230
vn 0.6457 0.0000 0.7636
vn 0.4843 0.0000 0.8749
vn 0.3043 0.0000 0.9526
vn 0.1126 0.0000 0.9936
vn -0.0834 0.0000 0.9965
vn -0.2762 0.0000 0.9611
vn -0.4584 0.0000 0.8888
vn -0.6230 0.0000 0.7823
vn -0.7636 0.0000 0.6457
vn -0.8749 0.0000 0.4843
vn -0.7162 -0.5744 0.3965
vn -0.9526 0.0000 0.3043
vn -0.9936 0.0000 0.1126
vn 0.5527 0.4614 -0.6940
vn 0.0000 -1.0000 0.0000
vn 0.5728 0.4614 0.6775
vn -0.6404 -0.5744 -0.5100
vn -0.7762 0.4614 0.4297
vn 0.6251 -0.5744 -0.5286
vn -0.6940 0.4614 -0.5527
vn 0.3965 -0.5744 0.7162
vn 0.6774 0.4614 -0.5728
vn -0.7798 -0.5744 0.2491
vn 0.4297 0.4614 0.7762
vn -0.5286 -0.5744 -0.6251
vn -0.8451 0.4614 0.2700
vn 0.7162 -0.5744 -0.3965
vn -0.5728 0.4614 -0.6775
vn 0.2491 -0.5744 0.7798
vn 0.7762 0.4614 -0.4297
vn -0.8134 -0.5744 0.0922
vn 0.2700 0.4614 0.8451
vn -0.3965 -0.5744 -0.7162
vn -0.8815 0.4614 0.0999
vn 0.7798 -0.5744 -0.2491
vn -0.4297 0.4614 -0.7762
vn 0.0922 -0.5744 0.8134
vn 0.8451 0.4614 -0.2700
vn 0.0999 0.4614 0.8815
vn -0.2491 -0.5744 -0.7798
vn 0.8134 -0.5744 -0.0922
vn -0.2700 0.4614 -0.8451
vn -0.0683 -0.5744 0.8158
vn 0.8815 0.4614 -0.0999
vn -0.0740 0.4614 0.8841
vn -0.0922 -0.5744 -0.8134
vn 0.8158 -0.5744 0.0683
vn -0.0999 0.4614 -0.8815
vn -0.2261 -0.5744 0.7868
vn 0.8841 0.4614 0.0740
vn -0.2450 0.4614 0.8527
vn 0.0683 -0.5744 -0.8158
vn 0.7868 -0.5744 0.2261
vn 0.0740 0.4614 -0.8841
vn -0.8158 -0.5744 -0.0683
vn -0.3752 -0.5744 0.7275
vn 0.8527 0.4614 0.2450
vn -0.8841 0.4614 -0.0740
vn -0.4067 0.4614 0.7885
vn 0.2261 -0.5744 -0.7868
vn 0.7275 -0.5744 0.3752
vn 0.2450 0.4614 -0.8527
vn -0.5100 -0.5744 0.6404
vn 0.7885 0.4614 0.4067
vn -0.7868 -0.5744 -0.2261
vn -0.5527 0.4614 0.6940
vn 0.3752 -0.5744 -0.7275
vn -0.8527 0.4614 -0.2450
vn 0.6404 -0.5744 0.5100
vn 0.4067 0.4614 -0.7885
vn -0.6251 -0.5744 0.5286
vn 0.6940 0.4614 0.5527
vn -0.7275 -0.5744 -0.3752
vn -0.6775 0.4614 0.5728
vn 0.5100 -0.5744 -0.6404
vn -0.7885 0.4614 -0.4067
vn 0.5286 -0.5744 0.6251
vn 0.0000 1.0000 -0.0000
vn -0.6230 0.0000 0.7822
vn 0.5884 -0.0021 0.8086
vn -0.8580 0.0032 0.5136
vn -0.5884 0.0021 -0.8086
vn 0.7530 -0.0028 -0.6580
vn 0.0386 -0.9976 0.0582
vn -0.0553 0.9952 -0.0811
usemtl Material.001
s off
f 697/940/313 698/941/313 700/942/313 699/943/313
f 699/943/314 700/942/314 702/944/314 701/945/314
f 701/945/315 702/944/315 704/946/315 703/947/315
f 703/947/316 704/946/316 706/948/316 705/949/316
f 705/949/317 706/948/317 708/950/317 707/951/317
f 707/951/318 708/950/318 710/952/318 709/953/318
f 709/953/319 710/952/319 712/954/319 711/955/319
f 711/955/320 712/954/320 714/956/320 713/957/320
f 713/957/321 714/956/321 716/958/321 715/959/321
f 715/959/322 716/958/322 718/960/322 717/961/322
f 717/961/323 718/960/323 720/962/323 719/963/323
f 719/963/324 720/962/324 722/964/324 721/965/324
f 721/965/325 722/964/325 724/966/325 723/967/325
f 723/967/326 724/966/326 726/968/326 725/969/326
f 725/969/327 726/968/327 728/970/327 727/971/327
f 727/971/328 728/970/328 730/972/328 729/973/328
f 729/973/329 730/972/329 732/974/329 731/975/329
f 731/976/330 732/977/330 734/978/330 733/979/330
f 733/979/331 734/978/331 736/980/331 735/981/331
f 735/981/332 736/980/332 738/982/332 737/983/332
f 737/983/333 738/982/333 740/984/333 739/985/333
f 739/985/334 740/984/334 742/986/334 741/987/334
f 741/987/335 742/986/335 744/988/335 743/989/335
f 743/989/336 744/988/336 746/990/336 745/991/336
f 745/991/337 746/990/337 748/992/337 747/993/337
f 747/993/338 748/992/338 750/994/338 749/995/338
f 749/995/339 750/994/339 752/996/339 751/997/339
f 751/997/340 752/996/340 754/998/340 753/999/340
f 753/999/341 754/998/341 756/1000/341 755/1001/341
f 755/1001/342 756/1000/342 758/1002/342 757/1003/342
f 755/1001/343 757/1003/343 821/1004/343 819/1005/343
f 757/1003/344 758/1002/344 760/1006/344 759/1007/344
f 759/1007/345 760/1006/345 698/941/345 697/940/345
f 722/964/346 720/962/346 784/1008/346 786/1009/346
f 831/1010/335 832/1011/335 896/1012/335 895/1013/335
f 761/1014/347 762/1015/347 765/1016/347 767/1017/347 769/1018/347 771/1019/347 773/1020/347 775/1021/347 777/1022/347 779/1023/347 781/1024/347 783/1025/347 785/1026/347 787/1027/347 789/1028/347 791/1029/347 793/1030/347 795/1031/347 797/1032/347 799/1033/347 801/1034/347 803/1035/347 805/1036/347 807/1037/347 809/1038/347 811/1039/347 813/1040/347 815/1041/347 817/1042/347 819/1043/347 821/1044/347 823/1045/347
f 740/984/348 738/982/348 802/1046/348 804/1047/348
f 703/947/349 705/949/349 769/1048/349 767/1049/349
f 758/1002/350 756/1000/350 820/1050/350 822/1051/350
f 721/965/351 723/967/351 787/1052/351 785/1053/351
f 706/948/352 704/946/352 768/1054/352 770/1055/352
f 739/985/353 741/987/353 805/1056/353 803/1057/353
f 724/966/354 722/964/354 786/1009/354 788/1058/354
f 757/1003/355 759/1007/355 823/1059/355 821/1004/355
f 742/986/356 740/984/356 804/1047/356 806/1060/356
f 705/949/357 707/951/357 771/1061/357 769/1048/357
f 760/1006/358 758/1002/358 822/1051/358 824/1062/358
f 723/967/359 725/969/359 789/1063/359 787/1052/359
f 708/950/360 706/948/360 770/1055/360 772/1064/360
f 741/987/361 743/989/361 807/1065/361 805/1056/361
f 726/968/362 724/966/362 788/1058/362 790/1066/362
f 759/1007/363 697/940/363 761/1067/363 823/1059/363
f 744/988/364 742/986/364 806/1060/364 808/1068/364
f 707/951/365 709/953/365 773/1069/365 771/1061/365
f 698/941/366 760/1006/366 824/1062/366 764/1070/366
f 725/969/367 727/971/367 791/1071/367 789/1063/367
f 710/952/368 708/950/368 772/1064/368 774/1072/368
f 743/989/369 745/991/369 809/1073/369 807/1065/369
f 728/970/370 726/968/370 790/1066/370 792/1074/370
f 746/990/371 744/988/371 808/1068/371 810/1075/371
f 709/953/372 711/955/372 775/1076/372 773/1069/372
f 727/971/373 729/973/373 793/1077/373 791/1071/373
f 712/954/374 710/952/374 774/1072/374 776/1078/374
f 745/991/375 747/993/375 811/1079/375 809/1073/375
f 730/972/376 728/970/376 792/1074/376 794/1080/376
f 748/992/377 746/990/377 810/1075/377 812/1081/377
f 711/955/378 713/957/378 777/1082/378 775/1076/378
f 729/973/379 731/975/379 795/1083/379 793/1077/379
f 714/956/380 712/954/380 776/1078/380 778/1084/380
f 747/993/381 749/995/381 813/1085/381 811/1079/381
f 732/974/382 730/972/382 794/1080/382 796/1086/382
f 750/994/383 748/992/383 812/1081/383 814/1087/383
f 713/957/384 715/959/384 779/1088/384 777/1082/384
f 731/976/385 733/979/385 797/1089/385 795/1090/385
f 716/958/386 714/956/386 778/1084/386 780/1091/386
f 697/940/387 699/943/387 762/1092/387 761/1067/387
f 749/995/388 751/997/388 815/1093/388 813/1085/388
f 734/978/389 732/977/389 796/1094/389 798/1095/389
f 700/942/390 698/941/390 764/1070/390 763/1096/390
f 752/996/391 750/994/391 814/1087/391 816/1097/391
f 715/959/392 717/961/392 781/1098/392 779/1088/392
f 733/979/393 735/981/393 799/1099/393 797/1089/393
f 718/960/394 716/958/394 780/1091/394 782/1100/394
f 751/997/395 753/999/395 817/1101/395 815/1093/395
f 736/980/396 734/978/396 798/1095/396 800/1102/396
f 699/943/397 701/945/397 765/1103/397 762/1092/397
f 754/998/398 752/996/398 816/1097/398 818/1104/398
f 717/961/399 719/963/399 783/1105/399 781/1098/399
f 702/944/400 700/942/400 763/1096/400 766/1106/400
f 735/981/401 737/983/401 801/1107/401 799/1099/401
f 720/962/402 718/960/402 782/1100/402 784/1008/402
f 753/999/403 755/1001/403 819/1005/403 817/1101/403
f 738/982/404 736/980/404 800/1102/404 802/1046/404
f 701/945/405 703/947/405 767/1049/405 765/1103/405
f 756/1000/406 754/998/406 818/1104/406 820/1050/406
f 719/963/407 721/965/407 785/1053/407 783/1105/407
f 704/946/408 702/944/408 766/1106/408 768/1054/408
f 737/983/409 739/985/409 803/1057/409 801/1107/409
f 825/1108/410 826/1109/410 856/1110/410 855/1111/410 854/1112/410 853/1113/410 852/1114/410 851/1115/410 850/1116/410 849/1117/410 848/1118/410 847/1119/410 846/1120/410 845/1121/410 844/1122/410 843/1123/410 842/1124/410 841/1125/410 840/1126/410 839/1127/410 838/1128/410 837/1129/410 836/1130/410 835/1131/410 834/1132/410 833/1133/410 832/1134/410 831/1135/410 830/1136/410 829/1137/410 828/1138/410 827/1139/410
f 766/1106/314 763/1096/314 857/1140/314 859/1141/314
f 792/1074/327 790/1066/327 871/1142/327 872/1143/327
f 818/1104/411 816/1097/411 884/1144/411 885/1145/411
f 830/1146/334 831/1010/334 895/1013/334 894/1147/334
f 856/1148/328 826/1149/328 890/1150/328 920/1151/328
f 763/1096/313 764/1070/313 858/1152/313 857/1140/313
f 829/1153/333 830/1146/333 894/1147/333 893/1154/333
f 790/1066/326 788/1058/326 870/1155/326 871/1142/326
f 855/1156/327 856/1148/327 920/1151/327 919/1157/327
f 816/1097/339 814/1087/339 883/1158/339 884/1144/339
f 828/1159/332 829/1153/332 893/1154/332 892/1160/332
f 854/1161/326 855/1156/326 919/1157/326 918/1162/326
f 827/1163/331 828/1159/331 892/1160/331 891/1164/331
f 788/1058/325 786/1009/325 869/1165/325 870/1155/325
f 853/1166/325 854/1161/325 918/1162/325 917/1167/325
f 814/1087/338 812/1081/338 882/1168/338 883/1158/338
f 825/1169/330 827/1163/330 891/1164/330 889/1170/330
f 852/1171/324 853/1166/324 917/1167/324 916/1172/324
f 826/1149/329 825/1169/329 889/1170/329 890/1150/329
f 786/1009/324 784/1008/324 868/1173/324 869/1165/324
f 851/1174/323 852/1171/323 916/1172/323 915/1175/323
f 812/1081/337 810/1075/337 881/1176/337 882/1168/337
f 850/1177/322 851/1174/322 915/1175/322 914/1178/322
f 784/1008/323 782/1100/323 867/1179/323 868/1173/323
f 849/1180/321 850/1177/321 914/1178/321 913/1181/321
f 810/1075/336 808/1068/336 880/1182/336 881/1176/336
f 848/1183/320 849/1180/320 913/1181/320 912/1184/320
f 782/1100/322 780/1091/322 866/1185/322 867/1179/322
f 847/1186/319 848/1183/319 912/1184/319 911/1187/319
f 808/1068/335 806/1060/335 879/1188/335 880/1182/335
f 846/1189/318 847/1186/318 911/1187/318 910/1190/318
f 884/1144/410 883/1158/410 915/1175/410 916/1172/410
f 864/1191/410 863/1192/410 895/1013/410 896/1012/410
f 871/1142/410 870/1155/410 902/1193/410 903/1194/410
f 878/1195/410 877/1196/410 909/1197/410 910/1190/410
f 857/1140/410 858/1152/410 890/1150/410 889/1170/410
f 885/1145/410 884/1144/410 916/1172/410 917/1167/410
f 865/1198/410 864/1191/410 896/1012/410 897/1199/410
f 872/1143/410 871/1142/410 903/1194/410 904/1200/410
f 879/1188/410 878/1195/410 910/1190/410 911/1187/410
f 859/1141/410 857/1140/410 889/1170/410 891/1164/410
f 886/1201/410 885/1145/410 917/1167/410 918/1162/410
f 866/1185/410 865/1198/410 897/1199/410 898/1202/410
f 873/1203/410 872/1143/410 904/1200/410 905/1204/410
f 880/1182/410 879/1188/410 911/1187/410 912/1184/410
f 860/1205/410 859/1141/410 891/1164/410 892/1160/410
f 887/1206/410 886/1201/410 918/1162/410 919/1157/410
f 867/1179/410 866/1185/410 898/1202/410 899/1207/410
f 874/1208/410 873/1203/410 905/1204/410 906/1209/410
f 881/1176/410 880/1182/410 912/1184/410 913/1181/410
f 861/1210/410 860/1205/410 892/1160/410 893/1154/410
f 888/1211/410 887/1206/410 919/1157/410 920/1151/410
f 868/1173/410 867/1179/410 899/1207/410 900/1212/410
f 875/1213/410 874/1214/410 906/1215/410 907/1216/410
f 882/1168/410 881/1176/410 913/1181/410 914/1178/410
f 862/1217/410 861/1210/410 893/1154/410 894/1147/410
f 858/1152/410 888/1211/410 920/1151/410 890/1150/410
f 869/1165/410 868/1173/410 900/1212/410 901/1218/410
f 876/1219/410 875/1213/410 907/1216/410 908/1220/410
f 883/1158/410 882/1168/410 914/1178/410 915/1175/410
f 863/1192/410 862/1217/410 894/1147/410 895/1013/410
f 870/1155/410 869/1165/410 901/1218/410 902/1193/410
f 877/1196/410 876/1219/410 908/1220/410 909/1197/410
f 832/1011/336 833/1221/336 897/1199/336 896/1012/336
f 820/1050/341 818/1104/341 885/1145/341 886/1201/341
f 794/1080/328 792/1074/328 872/1143/328 873/1203/328
f 768/1054/315 766/1106/315 859/1141/315 860/1205/315
f 833/1221/337 834/1222/337 898/1202/337 897/1199/337
f 834/1222/338 835/1223/338 899/1207/338 898/1202/338
f 822/1051/342 820/1050/342 886/1201/342 887/1206/342
f 796/1086/329 794/1080/329 873/1203/329 874/1208/329
f 770/1055/316 768/1054/316 860/1205/316 861/1210/316
f 835/1223/339 836/1224/339 900/1212/339 899/1207/339
f 836/1224/340 837/1225/340 901/1218/340 900/1212/340
f 824/1062/344 822/1051/344 887/1206/344 888/1211/344
f 798/1095/330 796/1094/330 874/1214/330 875/1213/330
f 772/1064/317 770/1055/317 861/1210/317 862/1217/317
f 837/1225/341 838/1226/341 902/1193/341 901/1218/341
f 838/1226/342 839/1227/342 903/1194/342 902/1193/342
f 764/1070/345 824/1062/345 888/1211/345 858/1152/345
f 800/1102/331 798/1095/331 875/1213/331 876/1219/331
f 774/1072/318 772/1064/318 862/1217/318 863/1192/318
f 839/1227/344 840/1228/344 904/1200/344 903/1194/344
f 840/1228/345 841/1229/345 905/1204/345 904/1200/345
f 802/1046/332 800/1102/332 876/1219/332 877/1196/332
f 841/1229/313 842/1230/313 906/1209/313 905/1204/313
f 776/1078/319 774/1072/319 863/1192/319 864/1191/319
f 842/1231/314 843/1232/314 907/1216/314 906/1215/314
f 804/1047/333 802/1046/333 877/1196/333 878/1195/333
f 843/1232/315 844/1233/315 908/1220/315 907/1216/315
f 778/1084/320 776/1078/320 864/1191/320 865/1198/320
f 844/1233/316 845/1234/316 909/1197/316 908/1220/316
f 806/1060/334 804/1047/334 878/1195/334 879/1188/334
f 845/1234/317 846/1189/317 910/1190/317 909/1197/317
f 780/1091/321 778/1084/321 865/1198/321 866/1185/321
f 921/1235/412 922/1236/412 924/1237/412 923/1238/412
f 923/1239/413 924/1240/413 928/1241/413 927/1242/413
f 927/1242/414 928/1241/414 926/1243/414 925/1244/414
f 925/1244/415 926/1243/415 922/1236/415 921/1235/415
f 923/1245/416 927/1246/416 925/1247/416 921/1248/416
f 928/1249/417 924/1250/417 922/1251/417 926/1252/417
o Cylinder.001
v 2.055199 0.229002 -1.000000
v 2.055199 3.130568 -1.000000
v 2.250290 0.229002 -0.980785
v 2.250290 3.130568 -0.980785
v 2.437883 0.229002 -0.923880
v 2.437883 3.130568 -0.923880
v 2.610770 0.229002 -0.831470
v 2.610770 3.130568 -0.831470
v 2.762306 0.229002 -0.707107
v 2.762306 3.130568 -0.707107
v 2.886669 0.229002 -0.555570
v 2.886669 3.130568 -0.555570
v 2.979079 0.229002 -0.382683
v 2.979079 3.130568 -0.382683
v 3.035985 0.229002 -0.195090
v 3.035985 3.130568 -0.195090
v 3.055199 0.229002 -0.000000
v 3.055199 3.130568 -0.000000
v 3.035985 0.229002 0.195090
v 3.035985 3.130568 0.195090
v 2.979079 0.229002 0.382683
v 2.979079 3.130568 0.382683
v 2.886669 0.229002 0.555570
v 2.886669 3.130568 0.555570
v 2.762306 0.229002 0.707107
v 2.762306 3.130568 0.707107
v 2.610770 0.229002 0.831470
v 2.610770 3.130568 0.831470
v 2.437883 0.229002 0.923880
v 2.437883 3.130568 0.923880
v 2.250289 0.229002 0.980785
v 2.250289 3.130568 0.980785
v 2.055199 0.229002 1.000000
v 2.055199 3.130568 1.000000
v 1.860109 0.229002 0.980785
v 1.860109 3.130568 0.980785
v 1.672516 0.229002 0.923879
v 1.672516 3.130568 0.923879
v 1.499629 0.229002 0.831469
v 1.499629 3.130568 0.831469
v 1.348092 0.229002 0.707106
v 1.348092 3.130568 0.707106
v 1.223729 0.229002 0.555570
v 1.223729 3.130568 0.555570
v 1.131320 0.229002 0.382683
v 1.131320 3.130568 0.382683
v 1.074414 0.229002 0.195089
v 1.074414 3.130568 0.195089
v 1.055199 0.229002 -0.000001
v 1.055199 3.130568 -0.000001
v 1.074414 0.229002 -0.195091
v 1.074414 3.130568 -0.195091
v 1.131320 0.229002 -0.382684
v 1.131320 3.130568 -0.382684
v 1.223730 0.229002 -0.555571
v 1.223730 3.130568 -0.555571
v 1.348094 0.229002 -0.707108
v 1.348094 3.130568 -0.707108
v 1.499630 0.229002 -0.831470
v 1.499630 3.130568 -0.831470
v 1.672517 0.229002 -0.923880
v 1.672517 3.130568 -0.923880
v 1.860111 0.229002 -0.980786
v 1.860111 3.130568 -0.980786
v 2.055199 0.006049 -0.842812
v 2.219624 0.006049 -0.826618
v 2.219624 3.431333 -0.826618
v 2.055199 3.431333 -0.842812
v 2.377730 0.006049 -0.778657
v 2.377730 3.431333 -0.778657
v 2.523441 0.006049 -0.700773
v 2.523441 3.431333 -0.700773
v 2.651158 0.006049 -0.595958
v 2.651158 3.431333 -0.595958
v 2.755972 0.006049 -0.468241
v 2.755972 3.431333 -0.468241
v 2.833856 0.006049 -0.322530
v 2.833856 3.431333 -0.322530
v 2.881817 0.006049 -0.164425
v 2.881817 3.431333 -0.164425
v 2.898012 0.006049 -0.000000
v 2.898012 3.431333 -0.000000
v 2.881817 0.006049 0.164424
v 2.881817 3.431333 0.164424
v 2.833856 0.006049 0.322530
v 2.833856 3.431333 0.322530
v 2.755972 0.006049 0.468241
v 2.755972 3.431333 0.468241
v 2.651158 0.006049 0.595958
v 2.651158 3.431333 0.595958
v 2.523441 0.006049 0.700773
v 2.523441 3.431333 0.700773
v 2.377729 0.006049 0.778657
v 2.377729 3.431333 0.778657
v 2.219624 0.006049 0.826618
v 2.219624 3.431333 0.826618
v 2.055199 0.006049 0.842812
v 2.055199 3.431333 0.842812
v 1.890774 0.006049 0.826618
v 1.890774 3.431333 0.826618
v 1.732669 0.006049 0.778657
v 1.732669 3.431333 0.778657
v 1.586958 0.006049 0.700772
v 1.586958 3.431333 0.700772
v 1.459241 0.006049 0.595958
v 1.459241 3.431333 0.595958
v 1.354426 0.006049 0.468241
v 1.354426 3.431333 0.468241
v 1.276542 0.006049 0.322530
v 1.276542 3.431333 0.322530
v 1.228581 0.006049 0.164424
v 1.228581 3.431333 0.164424
v 1.212387 0.006049 -0.000001
v 1.212387 3.431333 -0.000001
v 1.228582 0.006049 -0.164425
v 1.228582 3.431333 -0.164425
v 1.276543 0.006049 -0.322531
v 1.276543 3.431333 -0.322531
v 1.354427 0.006049 -0.468242
v 1.354427 3.431333 -0.468242
v 1.459242 0.006049 -0.595959
v 1.459242 3.431333 -0.595959
v 1.586959 0.006049 -0.700773
v 1.586959 3.431333 -0.700773
v 1.732670 0.006049 -0.778657
v 1.732670 3.431333 -0.778657
v 1.890776 0.006049 -0.826618
v 1.890776 3.431333 -0.826618
v 2.203224 3.431333 -0.744168
v 2.055199 3.431333 -0.758748
v 2.345560 3.431333 -0.700991
v 2.476737 3.431333 -0.630876
v 2.591715 3.431333 -0.536516
v 2.686075 3.431333 -0.421538
v 2.756191 3.431333 -0.290360
v 2.799368 3.431333 -0.148024
v 2.813947 3.431333 -0.000000
v 2.799368 3.431333 0.148024
v 2.756191 3.431333 0.290360
v 2.686075 3.431333 0.421537
v 2.591715 3.431333 0.536515
v 2.476737 3.431333 0.630875
v 2.345559 3.431333 0.700991
v 2.203223 3.431333 0.744168
v 2.055199 3.431333 0.758748
v 1.907175 3.431333 0.744168
v 1.764839 3.431333 0.700991
v 1.633662 3.431333 0.630875
v 1.518683 3.431333 0.536515
v 1.424324 3.431333 0.421537
v 1.354208 3.431333 0.290359
v 1.311031 3.431333 0.148024
v 1.296452 3.431333 -0.000001
v 1.311031 3.431333 -0.148025
v 1.354208 3.431333 -0.290361
v 1.424324 3.431333 -0.421538
v 1.518685 3.431333 -0.536516
v 1.633663 3.431333 -0.630876
v 1.764840 3.431333 -0.700992
v 1.907176 3.431333 -0.744169
v 2.219624 3.496076 -0.826618
v 2.055199 3.496076 -0.842812
v 2.377730 3.496076 -0.778657
v 2.523441 3.496076 -0.700773
v 2.651158 3.496076 -0.595958
v 2.755972 3.496076 -0.468241
v 2.833856 3.496076 -0.322530
v 2.881817 3.496076 -0.164425
v 2.898012 3.496076 -0.000000
v 2.881817 3.496076 0.164424
v 2.833856 3.496076 0.322530
v 2.755972 3.496076 0.468241
v 2.651158 3.496076 0.595958
v 2.523441 3.496076 0.700773
v 2.377729 3.496076 0.778657
v 2.219624 3.496076 0.826618
v 2.055199 3.496076 0.842812
v 1.890774 3.496076 0.826618
v 1.732669 3.496076 0.778657
v 1.586958 3.496076 0.700772
v 1.459241 3.496076 0.595958
v 1.354426 3.496076 0.468241
v 1.276542 3.496076 0.322530
v 1.228581 3.496076 0.164424
v 1.212387 3.496076 -0.000001
v 1.228582 3.496076 -0.164425
v 1.276543 3.496076 -0.322531
v 1.354427 3.496076 -0.468242
v 1.459242 3.496076 -0.595959
v 1.586959 3.496076 -0.700773
v 1.732670 3.496076 -0.778657
v 1.890776 3.496076 -0.826618
v 2.203224 3.496076 -0.744168
v 2.055199 3.496076 -0.758748
v 2.345560 3.496076 -0.700991
v 2.476737 3.496076 -0.630876
v 2.591715 3.496076 -0.536516
v 2.686075 3.496076 -0.421538
v 2.756191 3.496076 -0.290360
v 2.799368 3.496076 -0.148024
v 2.813947 3.496076 -0.000000
v 2.799368 3.496076 0.148024
v 2.756191 3.496076 0.290360
v 2.686075 3.496076 0.421537
v 2.591715 3.496076 0.536515
v 2.476737 3.496076 0.630875
v 2.345559 3.496076 0.700991
v 2.203223 3.496076 0.744168
v 2.055199 3.496076 0.758748
v 1.907175 3.496076 0.744168
v 1.764839 3.496076 0.700991
v 1.633662 3.496076 0.630875
v 1.518683 3.496076 0.536515
v 1.424324 3.496076 0.421537
v 1.354208 3.496076 0.290359
v 1.311031 3.496076 0.148024
v 1.296452 3.496076 -0.000001
v 1.311031 3.496076 -0.148025
v 1.354208 3.496076 -0.290361
v 1.424324 3.496076 -0.421538
v 1.518685 3.496076 -0.536516
v 1.633663 3.496076 -0.630876
v 1.764840 3.496076 -0.700992
v 1.907176 3.496076 -0.744169
v 1.676238 3.436302 0.567034
v 1.676238 3.509042 0.567306
v 1.414266 3.437687 0.195665
v 1.414266 3.510427 0.195936
v 2.163428 3.391985 0.153598
v 2.163428 3.446467 0.153801
v 1.967212 3.393022 -0.124556
v 1.967212 3.447504 -0.124353
vt 0.530465 0.051746
vt 0.528146 0.502345
vt 0.497495 0.502255
vt 0.499342 0.051616
vt 0.466841 0.502194
vt 0.468217 0.051521
vt 0.436188 0.502165
vt 0.437089 0.051459
vt 0.405544 0.502171
vt 0.405960 0.051432
vt 0.374912 0.502220
vt 0.374832 0.051439
vt 0.344297 0.502325
vt 0.343706 0.051483
vt 0.313700 0.502500
vt 0.312585 0.051562
vt 0.283119 0.502768
vt 0.281475 0.051675
vt 0.252546 0.503156
vt 0.250383 0.051818
vt 0.221964 0.503700
vt 0.219317 0.051976
vt 0.191345 0.504444
vt 0.188286 0.052124
vt 0.160640 0.505441
vt 0.157293 0.052216
vt 0.129775 0.506754
vt 0.126329 0.052170
vt 0.098635 0.508454
vt 0.095346 0.051855
vt 0.067054 0.510618
vt 0.064223 0.051061
vt 0.034805 0.513319
vt 0.032689 0.049469
vt 0.001620 0.516505
vt 0.000155 0.046652
vt 0.999845 0.050819
vt 0.991494 0.520069
vt 0.958386 0.515997
vt 0.967108 0.052944
vt 0.926389 0.512799
vt 0.935131 0.054165
vt 0.895077 0.510316
vt 0.903660 0.054708
vt 0.864186 0.508398
vt 0.872442 0.054815
vt 0.833539 0.506923
vt 0.841338 0.054660
vt 0.803020 0.505793
vt 0.810277 0.054363
vt 0.772554 0.504928
vt 0.779223 0.054002
vt 0.742097 0.504265
vt 0.748162 0.053624
vt 0.711623 0.503756
vt 0.717090 0.053258
vt 0.681119 0.503362
vt 0.686006 0.052918
vt 0.650581 0.503054
vt 0.654911 0.052612
vt 0.620010 0.502811
vt 0.623809 0.052341
vt 0.589410 0.502618
vt 0.592699 0.052107
vt 0.593159 0.004516
vt 0.624328 0.004759
vt 0.558786 0.502465
vt 0.561584 0.051909
vt 0.192904 0.562066
vt 0.162939 0.563065
vt 0.344042 0.601939
vt 0.313671 0.601889
vt 0.313745 0.588815
vt 0.344134 0.588821
vt 0.049240 0.648723
vt 0.071415 0.633906
vt 0.096054 0.623700
vt 0.122211 0.618497
vt 0.148881 0.618497
vt 0.175038 0.623699
vt 0.199678 0.633905
vt 0.221853 0.648722
vt 0.240712 0.667581
vt 0.255529 0.689756
vt 0.265735 0.714396
vt 0.270938 0.740553
vt 0.270938 0.767223
vt 0.265735 0.793381
vt 0.255529 0.818020
vt 0.240712 0.840196
vt 0.221854 0.859054
vt 0.199678 0.873871
vt 0.175039 0.884077
vt 0.148881 0.889280
vt 0.122211 0.889280
vt 0.096054 0.884077
vt 0.071414 0.873871
vt 0.049240 0.859054
vt 0.030381 0.840195
vt 0.015564 0.818020
vt 0.005358 0.793381
vt 0.000155 0.767223
vt 0.000156 0.740553
vt 0.005359 0.714396
vt 0.015565 0.689756
vt 0.030382 0.667581
vt 0.889961 0.567430
vt 0.860389 0.565378
vt 0.406096 0.003814
vt 0.437279 0.003844
vt 0.619433 0.560982
vt 0.588893 0.560876
vt 0.126544 0.005562
vt 0.157201 0.005269
vt 0.435865 0.560508
vt 0.405278 0.560470
vt 0.841809 0.007485
vt 0.872496 0.007768
vt 0.133050 0.564514
vt 0.561987 0.004311
vt 0.830715 0.563946
vt 0.374909 0.003822
vt 0.558314 0.560784
vt 0.096213 0.005638
vt 0.374725 0.560454
vt 0.810946 0.007067
vt 0.103192 0.566572
vt 0.530814 0.004142
vt 0.800909 0.562958
vt 0.343721 0.003872
vt 0.527710 0.560702
vt 0.066327 0.005189
vt 0.344220 0.560474
vt 0.779961 0.006607
vt 0.073294 0.569453
vt 0.770961 0.562281
vt 0.312536 0.003968
vt 0.037010 0.003674
vt 0.313777 0.560546
vt 0.748898 0.006158
vt 0.043289 0.573455
vt 0.740873 0.561820
vt 0.281360 0.004118
vt 0.008605 0.000155
vt 0.283412 0.560697
vt 0.717787 0.005742
vt 0.012997 0.578833
vt 0.710658 0.561502
vt 0.250208 0.004327
vt 0.962886 0.005514
vt 0.992387 0.002158
vt 0.253139 0.560963
vt 0.499638 0.004009
vt 0.686647 0.005370
vt 0.978580 0.579902
vt 0.949024 0.574403
vt 0.497093 0.560628
vt 0.680334 0.561277
vt 0.219102 0.004597
vt 0.933083 0.007146
vt 0.222968 0.561397
vt 0.655492 0.005042
vt 0.919480 0.570336
vt 0.468460 0.003909
vt 0.649919 0.561111
vt 0.188080 0.004921
vt 0.466474 0.560562
vt 0.902942 0.007748
vt 0.470835 0.835060
vt 0.450872 0.848399
vt 0.428690 0.857587
vt 0.405141 0.862271
vt 0.381132 0.862271
vt 0.357583 0.857587
vt 0.335401 0.848399
vt 0.315438 0.835060
vt 0.298460 0.818082
vt 0.285121 0.798119
vt 0.275933 0.775937
vt 0.271249 0.752389
vt 0.271249 0.728379
vt 0.275933 0.704831
vt 0.285121 0.682649
vt 0.298460 0.662685
vt 0.315438 0.645708
vt 0.335401 0.632369
vt 0.357583 0.623181
vt 0.381132 0.618497
vt 0.405141 0.618497
vt 0.428690 0.623181
vt 0.450872 0.632369
vt 0.470835 0.645708
vt 0.487813 0.662686
vt 0.501152 0.682649
vt 0.510340 0.704831
vt 0.515024 0.728379
vt 0.515024 0.752389
vt 0.510340 0.775937
vt 0.501151 0.798119
vt 0.487812 0.818082
vt 0.497106 0.572690
vt 0.466490 0.572622
vt 0.104205 0.578266
vt 0.074692 0.581149
vt 0.680306 0.573236
vt 0.649909 0.573105
vt 0.374504 0.602012
vt 0.374606 0.588862
vt 0.558051 0.602452
vt 0.527446 0.602397
vt 0.527548 0.589199
vt 0.558150 0.589262
vt 0.527721 0.572761
vt 0.405033 0.602095
vt 0.405139 0.588921
vt 0.133776 0.576225
vt 0.588629 0.602496
vt 0.588725 0.589323
vt 0.710603 0.573419
vt 0.435608 0.602179
vt 0.435715 0.588989
vt 0.619163 0.602531
vt 0.619257 0.589381
vt 0.466211 0.602259
vt 0.466317 0.589061
vt 0.163453 0.574812
vt 0.649630 0.602560
vt 0.649726 0.589444
vt 0.740773 0.573686
vt 0.496828 0.602332
vt 0.496932 0.589131
vt 0.680004 0.602593
vt 0.680107 0.589523
vt 0.193262 0.573859
vt 0.710251 0.602647
vt 0.710373 0.589638
vt 0.770792 0.574089
vt 0.740333 0.602751
vt 0.740491 0.589820
vt 0.223215 0.573238
vt 0.770203 0.602958
vt 0.770425 0.590122
vt 0.800638 0.574702
vt 0.799814 0.603341
vt 0.800138 0.590618
vt 0.253307 0.572853
vt 0.829117 0.604008
vt 0.829598 0.591415
vt 0.830295 0.575627
vt 0.858068 0.605104
vt 0.858777 0.592654
vt 0.313853 0.572516
vt 0.344272 0.572474
vt 0.134564 0.592030
vt 0.105401 0.593995
vt 0.859758 0.577000
vt 0.889036 0.579004
vt 0.887658 0.594522
vt 0.283525 0.572630
vt 0.283463 0.588868
vt 0.076441 0.596833
vt 0.619433 0.573002
vt 0.253316 0.589018
vt 0.045168 0.585089
vt 0.047717 0.600867
vt 0.435885 0.572561
vt 0.588898 0.572915
vt 0.223331 0.589320
vt 0.015061 0.590713
vt 0.019695 0.606378
vt 0.405304 0.572511
vt 0.558322 0.572836
vt 0.193532 0.589849
vt 0.947129 0.586018
vt 0.976303 0.591827
vt 0.971878 0.606337
vt 0.944494 0.601060
vt 0.374761 0.572478
vt 0.163940 0.590707
vt 0.918150 0.581884
vt 0.916230 0.597250
vt 0.283421 0.601887
vt 0.253325 0.601969
vt 0.223419 0.602189
vt 0.193739 0.602624
vt 0.164318 0.603380
vt 0.135181 0.604597
vt 0.106345 0.606455
vt 0.077822 0.609183
vt 0.049637 0.613050
vt 0.021960 0.618186
vt 0.969688 0.618186
vt 0.942467 0.613153
vt 0.914760 0.609402
vt 0.886626 0.606821
vt 0.607151 0.715567
vt 0.607151 0.727308
vt 0.533791 0.727308
vt 0.533790 0.715567
vt 0.868354 0.715566
vt 0.868354 0.727308
vt 0.765223 0.716958
vt 0.765223 0.708164
vt 0.710276 0.716958
vt 0.710276 0.708164
vt 0.618881 0.618497
vt 0.721863 0.627731
vt 0.721863 0.682678
vt 0.618881 0.691858
vt 0.618570 0.682624
vt 0.515335 0.691858
vt 0.515335 0.618497
vt 0.618570 0.627676
vn 0.0980 0.0000 -0.9952
vn 0.2903 0.0000 -0.9569
vn 0.4714 0.0000 -0.8819
vn 0.6344 0.0000 -0.7730
vn 0.7730 0.0000 -0.6344
vn 0.8819 0.0000 -0.4714
vn 0.9569 0.0000 -0.2903
vn 0.9952 0.0000 -0.0980
vn 0.9952 0.0000 0.0980
vn 0.9569 0.0000 0.2903
vn 0.8819 0.0000 0.4714
vn 0.7730 0.0000 0.6344
vn 0.6344 0.0000 0.7730
vn 0.4714 0.0000 0.8819
vn 0.2903 0.0000 0.9569
vn 0.0980 0.0000 0.9952
vn -0.0980 0.0000 0.9952
vn -0.2903 0.0000 0.9569
vn -0.4714 0.0000 0.8819
vn -0.6344 0.0000 0.7730
vn -0.7730 0.0000 0.6344
vn -0.8819 0.0000 0.4714
vn -0.9569 0.0000 0.2903
vn -0.9952 0.0000 0.0980
vn -0.9952 0.0000 -0.0980
vn -0.9569 0.0000 -0.2903
vn -0.8819 0.0000 -0.4714
vn -0.7730 0.0000 -0.6344
vn -0.6344 0.0000 -0.7730
vn -0.4714 0.0000 -0.8819
vn -0.3859 -0.5744 -0.7219
vn -0.2903 0.0000 -0.9569
vn -0.0980 0.0000 -0.9952
vn 0.6858 0.4614 0.5628
vn 0.0000 -1.0000 -0.0000
vn -0.6858 0.4614 0.5628
vn 0.5193 -0.5744 -0.6328
vn -0.4182 0.4614 -0.7824
vn 0.5193 -0.5744 0.6328
vn 0.5628 0.4614 -0.6858
vn -0.7219 -0.5744 0.3859
vn 0.5628 0.4614 0.6858
vn -0.2376 -0.5744 -0.7834
vn -0.7824 0.4614 0.4182
vn 0.6328 -0.5744 -0.5193
vn -0.2575 0.4614 -0.8490
vn 0.3859 -0.5744 0.7219
vn 0.6858 0.4614 -0.5628
vn -0.7834 -0.5744 0.2376
vn 0.4182 0.4614 0.7824
vn -0.0802 -0.5744 -0.8147
vn -0.8490 0.4614 0.2575
vn 0.7219 -0.5744 -0.3859
vn -0.0870 0.4614 -0.8829
vn 0.2376 -0.5744 0.7834
vn 0.7824 0.4614 -0.4182
vn -0.8147 -0.5744 0.0802
vn 0.2575 0.4614 0.8490
vn -0.8829 0.4614 0.0870
vn 0.7834 -0.5744 -0.2376
vn 0.0802 -0.5744 0.8147
vn 0.8490 0.4614 -0.2575
vn -0.8147 -0.5744 -0.0802
vn 0.0870 0.4614 0.8829
vn -0.8829 0.4614 -0.0870
vn 0.8147 -0.5744 -0.0802
vn -0.0802 -0.5744 0.8147
vn 0.8829 0.4614 -0.0870
vn -0.7834 -0.5744 -0.2376
vn -0.0870 0.4614 0.8829
vn -0.8490 0.4614 -0.2575
vn 0.8147 -0.5744 0.0802
vn -0.2376 -0.5744 0.7834
vn 0.8829 0.4614 0.0870
vn 0.0802 -0.5744 -0.8147
vn -0.7219 -0.5744 -0.3859
vn -0.2575 0.4614 0.8490
vn 0.0870 0.4614 -0.8829
vn -0.7824 0.4614 -0.4182
vn 0.7834 -0.5744 0.2376
vn -0.3859 -0.5744 0.7219
vn 0.8490 0.4614 0.2575
vn -0.6328 -0.5744 -0.5193
vn -0.4182 0.4614 0.7824
vn 0.2376 -0.5744 -0.7834
vn -0.6858 0.4614 -0.5628
vn 0.7219 -0.5744 0.3859
vn 0.2575 0.4614 -0.8490
vn -0.5193 -0.5744 0.6328
vn 0.7824 0.4614 0.4182
vn -0.5193 -0.5744 -0.6328
vn -0.5628 0.4614 0.6858
vn 0.3859 -0.5744 -0.7219
vn -0.5628 0.4614 -0.6858
vn 0.6328 -0.5744 0.5193
vn 0.4182 0.4614 -0.7824
vn -0.6328 -0.5744 0.5193
vn 0.0000 1.0000 -0.0000
vn -0.8171 -0.0021 0.5764
vn -0.5009 0.0032 -0.8655
vn 0.8171 0.0021 -0.5764
vn 0.6469 -0.0028 0.7626
vn -0.0587 -0.9976 0.0377
vn 0.0819 0.9952 -0.0541
usemtl Material.003
s off
f 929/1253/418 930/1254/418 932/1255/418 931/1256/418
f 931/1256/419 932/1255/419 934/1257/419 933/1258/419
f 933/1258/420 934/1257/420 936/1259/420 935/1260/420
f 935/1260/421 936/1259/421 938/1261/421 937/1262/421
f 937/1262/422 938/1261/422 940/1263/422 939/1264/422
f 939/1264/423 940/1263/423 942/1265/423 941/1266/423
f 941/1266/424 942/1265/424 944/1267/424 943/1268/424
f 943/1268/425 944/1267/425 946/1269/425 945/1270/425
f 945/1270/426 946/1269/426 948/1271/426 947/1272/426
f 947/1272/427 948/1271/427 950/1273/427 949/1274/427
f 949/1274/428 950/1273/428 952/1275/428 951/1276/428
f 951/1276/429 952/1275/429 954/1277/429 953/1278/429
f 953/1278/430 954/1277/430 956/1279/430 955/1280/430
f 955/1280/431 956/1279/431 958/1281/431 957/1282/431
f 957/1282/432 958/1281/432 960/1283/432 959/1284/432
f 959/1284/433 960/1283/433 962/1285/433 961/1286/433
f 961/1286/434 962/1285/434 964/1287/434 963/1288/434
f 963/1289/435 964/1290/435 966/1291/435 965/1292/435
f 965/1292/436 966/1291/436 968/1293/436 967/1294/436
f 967/1294/437 968/1293/437 970/1295/437 969/1296/437
f 969/1296/438 970/1295/438 972/1297/438 971/1298/438
f 971/1298/439 972/1297/439 974/1299/439 973/1300/439
f 973/1300/440 974/1299/440 976/1301/440 975/1302/440
f 975/1302/441 976/1301/441 978/1303/441 977/1304/441
f 977/1304/442 978/1303/442 980/1305/442 979/1306/442
f 979/1306/443 980/1305/443 982/1307/443 981/1308/443
f 981/1308/444 982/1307/444 984/1309/444 983/1310/444
f 983/1310/445 984/1309/445 986/1311/445 985/1312/445
f 985/1312/446 986/1311/446 988/1313/446 987/1314/446
f 987/1314/447 988/1313/447 990/1315/447 989/1316/447
f 987/1314/448 989/1316/448 1053/1317/448 1051/1318/448
f 989/1316/449 990/1315/449 992/1319/449 991/1320/449
f 991/1320/450 992/1319/450 930/1254/450 929/1253/450
f 954/1277/451 952/1275/451 1016/1321/451 1018/1322/451
f 1063/1323/440 1064/1324/440 1128/1325/440 1127/1326/440
f 993/1327/452 994/1328/452 997/1329/452 999/1330/452 1001/1331/452 1003/1332/452 1005/1333/452 1007/1334/452 1009/1335/452 1011/1336/452 1013/1337/452 1015/1338/452 1017/1339/452 1019/1340/452 1021/1341/452 1023/1342/452 1025/1343/452 1027/1344/452 1029/1345/452 1031/1346/452 1033/1347/452 1035/1348/452 1037/1349/452 1039/1350/452 1041/1351/452 1043/1352/452 1045/1353/452 1047/1354/452 1049/1355/452 1051/1356/452 1053/1357/452 1055/1358/452
f 972/1297/453 970/1295/453 1034/1359/453 1036/1360/453
f 935/1260/454 937/1262/454 1001/1361/454 999/1362/454
f 990/1315/455 988/1313/455 1052/1363/455 1054/1364/455
f 953/1278/456 955/1280/456 1019/1365/456 1017/1366/456
f 938/1261/457 936/1259/457 1000/1367/457 1002/1368/457
f 971/1298/458 973/1300/458 1037/1369/458 1035/1370/458
f 956/1279/459 954/1277/459 1018/1322/459 1020/1371/459
f 989/1316/460 991/1320/460 1055/1372/460 1053/1317/460
f 974/1299/461 972/1297/461 1036/1360/461 1038/1373/461
f 937/1262/462 939/1264/462 1003/1374/462 1001/1361/462
f 992/1319/463 990/1315/463 1054/1364/463 1056/1375/463
f 955/1280/464 957/1282/464 1021/1376/464 1019/1365/464
f 940/1263/465 938/1261/465 1002/1368/465 1004/1377/465
f 973/1300/466 975/1302/466 1039/1378/466 1037/1369/466
f 958/1281/467 956/1279/467 1020/1371/467 1022/1379/467
f 991/1320/468 929/1253/468 993/1380/468 1055/1372/468
f 976/1301/469 974/1299/469 1038/1373/469 1040/1381/469
f 939/1264/470 941/1266/470 1005/1382/470 1003/1374/470
f 930/1254/471 992/1319/471 1056/1375/471 996/1383/471
f 957/1282/472 959/1284/472 1023/1384/472 1021/1376/472
f 942/1265/473 940/1263/473 1004/1377/473 1006/1385/473
f 975/1302/474 977/1304/474 1041/1386/474 1039/1378/474
f 960/1283/475 958/1281/475 1022/1379/475 1024/1387/475
f 978/1303/476 976/1301/476 1040/1381/476 1042/1388/476
f 941/1266/477 943/1268/477 1007/1389/477 1005/1382/477
f 959/1284/478 961/1286/478 1025/1390/478 1023/1384/478
f 944/1267/479 942/1265/479 1006/1385/479 1008/1391/479
f 977/1304/480 979/1306/480 1043/1392/480 1041/1386/480
f 962/1285/481 960/1283/481 1024/1387/481 1026/1393/481
f 980/1305/482 978/1303/482 1042/1388/482 1044/1394/482
f 943/1268/483 945/1270/483 1009/1395/483 1007/1389/483
f 961/1286/484 963/1288/484 1027/1396/484 1025/1390/484
f 946/1269/485 944/1267/485 1008/1391/485 1010/1397/485
f 979/1306/486 981/1308/486 1045/1398/486 1043/1392/486
f 964/1287/487 962/1285/487 1026/1393/487 1028/1399/487
f 982/1307/488 980/1305/488 1044/1394/488 1046/1400/488
f 945/1270/489 947/1272/489 1011/1401/489 1009/1395/489
f 963/1289/490 965/1292/490 1029/1402/490 1027/1403/490
f 948/1271/491 946/1269/491 1010/1397/491 1012/1404/491
f 929/1253/492 931/1256/492 994/1405/492 993/1380/492
f 981/1308/493 983/1310/493 1047/1406/493 1045/1398/493
f 966/1291/494 964/1290/494 1028/1407/494 1030/1408/494
f 932/1255/495 930/1254/495 996/1383/495 995/1409/495
f 984/1309/496 982/1307/496 1046/1400/496 1048/1410/496
f 947/1272/497 949/1274/497 1013/1411/497 1011/1401/497
f 965/1292/498 967/1294/498 1031/1412/498 1029/1402/498
f 950/1273/499 948/1271/499 1012/1404/499 1014/1413/499
f 983/1310/500 985/1312/500 1049/1414/500 1047/1406/500
f 968/1293/501 966/1291/501 1030/1408/501 1032/1415/501
f 931/1256/502 933/1258/502 997/1416/502 994/1405/502
f 986/1311/503 984/1309/503 1048/1410/503 1050/1417/503
f 949/1274/504 951/1276/504 1015/1418/504 1013/1411/504
f 934/1257/505 932/1255/505 995/1409/505 998/1419/505
f 967/1294/506 969/1296/506 1033/1420/506 1031/1412/506
f 952/1275/507 950/1273/507 1014/1413/507 1016/1321/507
f 985/1312/508 987/1314/508 1051/1318/508 1049/1414/508
f 970/1295/509 968/1293/509 1032/1415/509 1034/1359/509
f 933/1258/510 935/1260/510 999/1362/510 997/1416/510
f 988/1313/511 986/1311/511 1050/1417/511 1052/1363/511
f 951/1276/512 953/1278/512 1017/1366/512 1015/1418/512
f 936/1259/513 934/1257/513 998/1419/513 1000/1367/513
f 969/1296/514 971/1298/514 1035/1370/514 1033/1420/514
f 1057/1421/515 1058/1422/515 1088/1423/515 1087/1424/515 1086/1425/515 1085/1426/515 1084/1427/515 1083/1428/515 1082/1429/515 1081/1430/515 1080/1431/515 1079/1432/515 1078/1433/515 1077/1434/515 1076/1435/515 1075/1436/515 1074/1437/515 1073/1438/515 1072/1439/515 1071/1440/515 1070/1441/515 1069/1442/515 1068/1443/515 1067/1444/515 1066/1445/515 1065/1446/515 1064/1447/515 1063/1448/515 1062/1449/515 1061/1450/515 1060/1451/515 1059/1452/515
f 998/1419/419 995/1409/419 1089/1453/419 1091/1454/419
f 1024/1387/432 1022/1379/432 1103/1455/432 1104/1456/432
f 1050/1417/445 1048/1410/445 1116/1457/445 1117/1458/445
f 1062/1459/439 1063/1323/439 1127/1326/439 1126/1460/439
f 1088/1461/433 1058/1462/433 1122/1463/433 1152/1464/433
f 995/1409/418 996/1383/418 1090/1465/418 1089/1453/418
f 1061/1466/438 1062/1459/438 1126/1460/438 1125/1467/438
f 1022/1379/431 1020/1371/431 1102/1468/431 1103/1455/431
f 1087/1469/432 1088/1461/432 1152/1464/432 1151/1470/432
f 1048/1410/444 1046/1400/444 1115/1471/444 1116/1457/444
f 1060/1472/437 1061/1466/437 1125/1467/437 1124/1473/437
f 1086/1474/431 1087/1469/431 1151/1470/431 1150/1475/431
f 1059/1476/436 1060/1472/436 1124/1473/436 1123/1477/436
f 1020/1371/430 1018/1322/430 1101/1478/430 1102/1468/430
f 1085/1479/430 1086/1474/430 1150/1475/430 1149/1480/430
f 1046/1400/443 1044/1394/443 1114/1481/443 1115/1471/443
f 1057/1482/435 1059/1476/435 1123/1477/435 1121/1483/435
f 1084/1484/429 1085/1479/429 1149/1480/429 1148/1485/429
f 1058/1462/434 1057/1482/434 1121/1483/434 1122/1463/434
f 1018/1322/429 1016/1321/429 1100/1486/429 1101/1478/429
f 1083/1487/428 1084/1484/428 1148/1485/428 1147/1488/428
f 1044/1394/442 1042/1388/442 1113/1489/442 1114/1481/442
f 1082/1490/427 1083/1487/427 1147/1488/427 1146/1491/427
f 1016/1321/428 1014/1413/428 1099/1492/428 1100/1486/428
f 1081/1493/426 1082/1490/426 1146/1491/426 1145/1494/426
f 1042/1388/441 1040/1381/441 1112/1495/441 1113/1489/441
f 1080/1496/425 1081/1493/425 1145/1494/425 1144/1497/425
f 1014/1413/427 1012/1404/427 1098/1498/427 1099/1492/427
f 1079/1499/424 1080/1496/424 1144/1497/424 1143/1500/424
f 1040/1381/440 1038/1373/440 1111/1501/440 1112/1495/440
f 1078/1502/423 1079/1499/423 1143/1500/423 1142/1503/423
f 1116/1457/515 1115/1471/515 1147/1488/515 1148/1485/515
f 1096/1504/515 1095/1505/515 1127/1326/515 1128/1325/515
f 1103/1455/515 1102/1468/515 1134/1506/515 1135/1507/515
f 1110/1508/515 1109/1509/515 1141/1510/515 1142/1503/515
f 1089/1453/515 1090/1465/515 1122/1463/515 1121/1483/515
f 1117/1458/515 1116/1457/515 1148/1485/515 1149/1480/515
f 1097/1511/515 1096/1504/515 1128/1325/515 1129/1512/515
f 1104/1456/515 1103/1455/515 1135/1507/515 1136/1513/515
f 1111/1501/515 1110/1508/515 1142/1503/515 1143/1500/515
f 1091/1454/515 1089/1453/515 1121/1483/515 1123/1477/515
f 1118/1514/515 1117/1458/515 1149/1480/515 1150/1475/515
f 1098/1498/515 1097/1511/515 1129/1512/515 1130/1515/515
f 1105/1516/515 1104/1456/515 1136/1513/515 1137/1517/515
f 1112/1495/515 1111/1501/515 1143/1500/515 1144/1497/515
f 1092/1518/515 1091/1454/515 1123/1477/515 1124/1473/515
f 1119/1519/515 1118/1514/515 1150/1475/515 1151/1470/515
f 1099/1492/515 1098/1498/515 1130/1515/515 1131/1520/515
f 1106/1521/515 1105/1516/515 1137/1517/515 1138/1522/515
f 1113/1489/515 1112/1495/515 1144/1497/515 1145/1494/515
f 1093/1523/515 1092/1518/515 1124/1473/515 1125/1467/515
f 1120/1524/515 1119/1519/515 1151/1470/515 1152/1464/515
f 1100/1486/515 1099/1492/515 1131/1520/515 1132/1525/515
f 1107/1526/515 1106/1527/515 1138/1528/515 1139/1529/515
f 1114/1481/515 1113/1489/515 1145/1494/515 1146/1491/515
f 1094/1530/515 1093/1523/515 1125/1467/515 1126/1460/515
f 1090/1465/515 1120/1524/515 1152/1464/515 1122/1463/515
f 1101/1478/515 1100/1486/515 1132/1525/515 1133/1531/515
f 1108/1532/515 1107/1526/515 1139/1529/515 1140/1533/515
f 1115/1471/515 1114/1481/515 1146/1491/515 1147/1488/515
f 1095/1505/515 1094/1530/515 1126/1460/515 1127/1326/515
f 1102/1468/515 1101/1478/515 1133/1531/515 1134/1506/515
f 1109/1509/515 1108/1532/515 1140/1533/515 1141/1510/515
f 1064/1324/441 1065/1534/441 1129/1512/441 1128/1325/441
f 1052/1363/446 1050/1417/446 1117/1458/446 1118/1514/446
f 1026/1393/433 1024/1387/433 1104/1456/433 1105/1516/433
f 1000/1367/420 998/1419/420 1091/1454/420 1092/1518/420
f 1065/1534/442 1066/1535/442 1130/1515/442 1129/1512/442
f 1066/1535/443 1067/1536/443 1131/1520/443 1130/1515/443
f 1054/1364/447 1052/1363/447 1118/1514/447 1119/1519/447
f 1028/1399/434 1026/1393/434 1105/1516/434 1106/1521/434
f 1002/1368/421 1000/1367/421 1092/1518/421 1093/1523/421
f 1067/1536/444 1068/1537/444 1132/1525/444 1131/1520/444
f 1068/1537/445 1069/1538/445 1133/1531/445 1132/1525/445
f 1056/1375/449 1054/1364/449 1119/1519/449 1120/1524/449
f 1030/1408/435 1028/1407/435 1106/1527/435 1107/1526/435
f 1004/1377/422 1002/1368/422 1093/1523/422 1094/1530/422
f 1069/1538/446 1070/1539/446 1134/1506/446 1133/1531/446
f 1070/1539/447 1071/1540/447 1135/1507/447 1134/1506/447
f 996/1383/450 1056/1375/450 1120/1524/450 1090/1465/450
f 1032/1415/436 1030/1408/436 1107/1526/436 1108/1532/436
f 1006/1385/423 1004/1377/423 1094/1530/423 1095/1505/423
f 1071/1540/449 1072/1541/449 1136/1513/449 1135/1507/449
f 1072/1541/450 1073/1542/450 1137/1517/450 1136/1513/450
f 1034/1359/437 1032/1415/437 1108/1532/437 1109/1509/437
f 1073/1542/418 1074/1543/418 1138/1522/418 1137/1517/418
f 1008/1391/424 1006/1385/424 1095/1505/424 1096/1504/424
f 1074/1544/419 1075/1545/419 1139/1529/419 1138/1528/419
f 1036/1360/438 1034/1359/438 1109/1509/438 1110/1508/438
f 1075/1545/420 1076/1546/420 1140/1533/420 1139/1529/420
f 1010/1397/425 1008/1391/425 1096/1504/425 1097/1511/425
f 1076/1546/421 1077/1547/421 1141/1510/421 1140/1533/421
f 1038/1373/439 1036/1360/439 1110/1508/439 1111/1501/439
f 1077/1547/422 1078/1502/422 1142/1503/422 1141/1510/422
f 1012/1404/426 1010/1397/426 1097/1511/426 1098/1498/426
f 1153/1548/516 1154/1549/516 1156/1550/516 1155/1551/516
f 1155/1552/517 1156/1553/517 1160/1554/517 1159/1555/517
f 1159/1555/518 1160/1554/518 1158/1556/518 1157/1557/518
f 1157/1557/519 1158/1556/519 1154/1549/519 1153/1548/519
f 1155/1558/520 1159/1559/520 1157/1560/520 1153/1561/520
f 1160/1562/521 1156/1563/521 1154/1564/521 1158/1565/521
o Cylinder
v -0.375286 0.229002 -0.926909
v -0.375286 3.130568 -0.926909
v -0.187244 0.229002 -0.982313
v -0.187244 3.130568 -0.982313
v 0.007993 0.229002 -0.999968
v 0.007993 3.130568 -0.999968
v 0.202924 0.229002 -0.979195
v 0.202924 3.130568 -0.979195
v 0.390056 0.229002 -0.920791
v 0.390056 3.130568 -0.920791
v 0.562199 0.229002 -0.827002
v 0.562199 3.130568 -0.827002
v 0.712736 0.229002 -0.701432
v 0.712736 3.130568 -0.701432
v 0.835884 0.229002 -0.548906
v 0.835884 3.130568 -0.548906
v 0.926909 0.229002 -0.375286
v 0.926909 3.130568 -0.375286
v 0.982313 0.229002 -0.187245
v 0.982313 3.130568 -0.187245
v 0.999968 0.229002 0.007993
v 0.999968 3.130568 0.007993
v 0.979195 0.229002 0.202924
v 0.979195 3.130568 0.202924
v 0.920791 0.229002 0.390056
v 0.920791 3.130568 0.390056
v 0.827002 0.229002 0.562199
v 0.827002 3.130568 0.562199
v 0.701432 0.229002 0.712736
v 0.701432 3.130568 0.712736
v 0.548906 0.229002 0.835884
v 0.548906 3.130568 0.835884
v 0.375286 0.229002 0.926909
v 0.375286 3.130568 0.926909
v 0.187244 0.229002 0.982313
v 0.187244 3.130568 0.982313
v -0.007994 0.229002 0.999968
v -0.007994 3.130568 0.999968
v -0.202924 0.229002 0.979194
v -0.202924 3.130568 0.979194
v -0.390057 0.229002 0.920791
v -0.390057 3.130568 0.920791
v -0.562199 0.229002 0.827002
v -0.562199 3.130568 0.827002
v -0.712737 0.229002 0.701432
v -0.712737 3.130568 0.701432
v -0.835884 0.229002 0.548906
v -0.835884 3.130568 0.548906
v -0.926909 0.229002 0.375286
v -0.926909 3.130568 0.375286
v -0.982314 0.229002 0.187243
v -0.982314 3.130568 0.187243
v -0.999968 0.229002 -0.007994
v -0.999968 3.130568 -0.007994
v -0.979194 0.229002 -0.202925
v -0.979194 3.130568 -0.202925
v -0.920791 0.229002 -0.390057
v -0.920791 3.130568 -0.390057
v -0.827001 0.229002 -0.562200
v -0.827001 3.130568 -0.562200
v -0.701431 0.229002 -0.712737
v -0.701431 3.130568 -0.712737
v -0.548905 0.229002 -0.835885
v -0.548905 3.130568 -0.835885
v -0.316296 0.006049 -0.781210
v -0.157812 0.006049 -0.827906
v -0.157812 3.431333 -0.827906
v -0.316296 3.431333 -0.781210
v 0.006737 0.006049 -0.842785
v 0.006737 3.431333 -0.842785
v 0.171027 0.006049 -0.825277
v 0.171027 3.431333 -0.825277
v 0.328744 0.006049 -0.776054
v 0.328744 3.431333 -0.776054
v 0.473828 0.006049 -0.697008
v 0.473828 3.431333 -0.697008
v 0.600703 0.006049 -0.591176
v 0.600703 3.431333 -0.591176
v 0.704493 0.006049 -0.462625
v 0.704493 3.431333 -0.462625
v 0.781210 0.006049 -0.316296
v 0.781210 3.431333 -0.316296
v 0.827906 0.006049 -0.157812
v 0.827906 3.431333 -0.157812
v 0.842785 0.006049 0.006737
v 0.842785 3.431333 0.006737
v 0.825277 0.006049 0.171026
v 0.825277 3.431333 0.171026
v 0.776054 0.006049 0.328744
v 0.776054 3.431333 0.328744
v 0.697008 0.006049 0.473828
v 0.697008 3.431333 0.473828
v 0.591175 0.006049 0.600703
v 0.591175 3.431333 0.600703
v 0.462625 0.006049 0.704493
v 0.462625 3.431333 0.704493
v 0.316296 0.006049 0.781210
v 0.316296 3.431333 0.781210
v 0.157812 0.006049 0.827906
v 0.157812 3.431333 0.827906
v -0.006737 0.006049 0.842785
v -0.006737 3.431333 0.842785
v -0.171027 0.006049 0.825277
v -0.171027 3.431333 0.825277
v -0.328744 0.006049 0.776054
v -0.328744 3.431333 0.776054
v -0.473828 0.006049 0.697007
v -0.473828 3.431333 0.697007
v -0.600703 0.006049 0.591175
v -0.600703 3.431333 0.591175
v -0.704493 0.006049 0.462624
v -0.704493 3.431333 0.462624
v -0.781210 0.006049 0.316295
v -0.781210 3.431333 0.316295
v -0.827906 0.006049 0.157811
v -0.827906 3.431333 0.157811
v -0.842785 0.006049 -0.006738
v -0.842785 3.431333 -0.006738
v -0.825277 0.006049 -0.171028
v -0.825277 3.431333 -0.171028
v -0.776054 0.006049 -0.328745
v -0.776054 3.431333 -0.328745
v -0.697007 0.006049 -0.473829
v -0.697007 3.431333 -0.473829
v -0.591175 0.006049 -0.600704
v -0.591175 3.431333 -0.600704
v -0.462624 0.006049 -0.704494
v -0.462624 3.431333 -0.704494
v -0.142071 3.431333 -0.745328
v -0.284748 3.431333 -0.703290
v 0.006065 3.431333 -0.758723
v 0.153968 3.431333 -0.742962
v 0.295954 3.431333 -0.698648
v 0.426567 3.431333 -0.627486
v 0.540787 3.431333 -0.532210
v 0.634225 3.431333 -0.416481
v 0.703290 3.431333 -0.284748
v 0.745328 3.431333 -0.142071
v 0.758723 3.431333 0.006065
v 0.742961 3.431333 0.153968
v 0.698648 3.431333 0.295954
v 0.627486 3.431333 0.426567
v 0.532210 3.431333 0.540787
v 0.416481 3.431333 0.634225
v 0.284747 3.431333 0.703290
v 0.142071 3.431333 0.745328
v -0.006065 3.431333 0.758723
v -0.153968 3.431333 0.742961
v -0.295955 3.431333 0.698648
v -0.426567 3.431333 0.627486
v -0.540787 3.431333 0.532209
v -0.634225 3.431333 0.416481
v -0.703290 3.431333 0.284747
v -0.745328 3.431333 0.142070
v -0.758723 3.431333 -0.006066
v -0.742961 3.431333 -0.153969
v -0.698648 3.431333 -0.295955
v -0.627485 3.431333 -0.426568
v -0.532209 3.431333 -0.540788
v -0.416480 3.431333 -0.634226
v -0.157812 3.496076 -0.827906
v -0.316296 3.496076 -0.781210
v 0.006737 3.496076 -0.842785
v 0.171027 3.496076 -0.825277
v 0.328744 3.496076 -0.776054
v 0.473828 3.496076 -0.697008
v 0.600703 3.496076 -0.591176
v 0.704493 3.496076 -0.462625
v 0.781210 3.496076 -0.316296
v 0.827906 3.496076 -0.157812
v 0.842785 3.496076 0.006737
v 0.825277 3.496076 0.171026
v 0.776054 3.496076 0.328744
v 0.697008 3.496076 0.473828
v 0.591175 3.496076 0.600703
v 0.462625 3.496076 0.704493
v 0.316296 3.496076 0.781210
v 0.157812 3.496076 0.827906
v -0.006737 3.496076 0.842785
v -0.171027 3.496076 0.825277
v -0.328744 3.496076 0.776054
v -0.473828 3.496076 0.697007
v -0.600703 3.496076 0.591175
v -0.704493 3.496076 0.462624
v -0.781210 3.496076 0.316295
v -0.827906 3.496076 0.157811
v -0.842785 3.496076 -0.006738
v -0.825277 3.496076 -0.171028
v -0.776054 3.496076 -0.328745
v -0.697007 3.496076 -0.473829
v -0.591175 3.496076 -0.600704
v -0.462624 3.496076 -0.704494
v -0.142071 3.496076 -0.745328
v -0.284748 3.496076 -0.703290
v 0.006065 3.496076 -0.758723
v 0.153968 3.496076 -0.742962
v 0.295954 3.496076 -0.698648
v 0.426567 3.496076 -0.627486
v 0.540787 3.496076 -0.532210
v 0.634225 3.496076 -0.416481
v 0.703290 3.496076 -0.284748
v 0.745328 3.496076 -0.142071
v 0.758723 3.496076 0.006065
v 0.742961 3.496076 0.153968
v 0.698648 3.496076 0.295954
v 0.627486 3.496076 0.426567
v 0.532210 3.496076 0.540787
v 0.416481 3.496076 0.634225
v 0.284747 3.496076 0.703290
v 0.142071 3.496076 0.745328
v -0.006065 3.496076 0.758723
v -0.153968 3.496076 0.742961
v -0.295955 3.496076 0.698648
v -0.426567 3.496076 0.627486
v -0.540787 3.496076 0.532209
v -0.634225 3.496076 0.416481
v -0.703290 3.496076 0.284747
v -0.745328 3.496076 0.142070
v -0.758723 3.496076 -0.006066
v -0.742961 3.496076 -0.153969
v -0.698648 3.496076 -0.295955
v -0.627485 3.496076 -0.426568
v -0.532209 3.496076 -0.540788
v -0.416480 3.496076 -0.634226
v -0.138462 3.436302 0.667808
v -0.138361 3.509042 0.668060
v -0.520657 3.437687 0.421897
v -0.520555 3.510427 0.422149
v 0.157961 3.391985 0.101755
v 0.158038 3.446467 0.101943
v -0.128301 3.393022 -0.082432
v -0.128225 3.447504 -0.082243
vt 0.530465 0.051746
vt 0.528146 0.502345
vt 0.497495 0.502255
vt 0.499342 0.051616
vt 0.466841 0.502194
vt 0.468217 0.051521
vt 0.436188 0.502165
vt 0.437089 0.051459
vt 0.405544 0.502171
vt 0.405960 0.051432
vt 0.374912 0.502220
vt 0.374832 0.051439
vt 0.344297 0.502325
vt 0.343706 0.051483
vt 0.313700 0.502500
vt 0.312585 0.051562
vt 0.283119 0.502768
vt 0.281475 0.051675
vt 0.252546 0.503156
vt 0.250383 0.051818
vt 0.221964 0.503700
vt 0.219317 0.051976
vt 0.191345 0.504444
vt 0.188286 0.052124
vt 0.160640 0.505441
vt 0.157293 0.052216
vt 0.129775 0.506754
vt 0.126329 0.052170
vt 0.098635 0.508454
vt 0.095346 0.051855
vt 0.067054 0.510618
vt 0.064223 0.051061
vt 0.034805 0.513319
vt 0.032689 0.049469
vt 0.001620 0.516505
vt 0.000155 0.046652
vt 0.999845 0.050819
vt 0.991494 0.520069
vt 0.958386 0.515997
vt 0.967108 0.052944
vt 0.926389 0.512799
vt 0.935131 0.054165
vt 0.895077 0.510316
vt 0.903660 0.054708
vt 0.864186 0.508398
vt 0.872442 0.054815
vt 0.833539 0.506923
vt 0.841338 0.054660
vt 0.803020 0.505793
vt 0.810277 0.054363
vt 0.772554 0.504928
vt 0.779223 0.054002
vt 0.742097 0.504265
vt 0.748162 0.053624
vt 0.711623 0.503756
vt 0.717090 0.053258
vt 0.681119 0.503362
vt 0.686006 0.052918
vt 0.650581 0.503054
vt 0.654911 0.052612
vt 0.620010 0.502811
vt 0.623809 0.052341
vt 0.589410 0.502618
vt 0.592699 0.052107
vt 0.593159 0.004516
vt 0.624328 0.004759
vt 0.558786 0.502465
vt 0.561584 0.051909
vt 0.192904 0.562066
vt 0.162939 0.563065
vt 0.344042 0.601939
vt 0.313671 0.601889
vt 0.313745 0.588815
vt 0.344134 0.588821
vt 0.049240 0.648723
vt 0.071415 0.633906
vt 0.096054 0.623700
vt 0.122211 0.618497
vt 0.148881 0.618497
vt 0.175038 0.623699
vt 0.199678 0.633905
vt 0.221853 0.648722
vt 0.240712 0.667581
vt 0.255529 0.689756
vt 0.265735 0.714396
vt 0.270938 0.740553
vt 0.270938 0.767223
vt 0.265735 0.793381
vt 0.255529 0.818020
vt 0.240712 0.840196
vt 0.221854 0.859054
vt 0.199678 0.873871
vt 0.175039 0.884077
vt 0.148881 0.889280
vt 0.122211 0.889280
vt 0.096054 0.884077
vt 0.071414 0.873871
vt 0.049240 0.859054
vt 0.030381 0.840195
vt 0.015564 0.818020
vt 0.005358 0.793381
vt 0.000155 0.767223
vt 0.000156 0.740553
vt 0.005359 0.714396
vt 0.015565 0.689756
vt 0.030382 0.667581
vt 0.889961 0.567430
vt 0.860389 0.565378
vt 0.406096 0.003814
vt 0.437279 0.003844
vt 0.619433 0.560982
vt 0.588893 0.560876
vt 0.126544 0.005562
vt 0.157201 0.005269
vt 0.435865 0.560508
vt 0.405278 0.560470
vt 0.841809 0.007485
vt 0.872496 0.007768
vt 0.133050 0.564514
vt 0.561987 0.004311
vt 0.830715 0.563946
vt 0.374909 0.003822
vt 0.558314 0.560784
vt 0.096213 0.005638
vt 0.374725 0.560454
vt 0.810946 0.007067
vt 0.103192 0.566572
vt 0.530814 0.004142
vt 0.800909 0.562958
vt 0.343721 0.003872
vt 0.527710 0.560702
vt 0.066327 0.005189
vt 0.344220 0.560474
vt 0.779961 0.006607
vt 0.073294 0.569453
vt 0.770961 0.562281
vt 0.312536 0.003968
vt 0.037010 0.003674
vt 0.313777 0.560546
vt 0.748898 0.006158
vt 0.043289 0.573455
vt 0.740873 0.561820
vt 0.281360 0.004118
vt 0.008605 0.000155
vt 0.283412 0.560697
vt 0.717787 0.005742
vt 0.012997 0.578833
vt 0.710658 0.561502
vt 0.250208 0.004327
vt 0.962886 0.005514
vt 0.992387 0.002158
vt 0.253139 0.560963
vt 0.499638 0.004009
vt 0.686647 0.005370
vt 0.978580 0.579902
vt 0.949024 0.574403
vt 0.497093 0.560628
vt 0.680334 0.561277
vt 0.219102 0.004597
vt 0.933083 0.007146
vt 0.222968 0.561397
vt 0.655492 0.005042
vt 0.919480 0.570336
vt 0.468460 0.003909
vt 0.649919 0.561111
vt 0.188080 0.004921
vt 0.466474 0.560562
vt 0.902942 0.007748
vt 0.470835 0.835060
vt 0.450872 0.848399
vt 0.428690 0.857587
vt 0.405141 0.862271
vt 0.381132 0.862271
vt 0.357583 0.857587
vt 0.335401 0.848399
vt 0.315438 0.835060
vt 0.298460 0.818082
vt 0.285121 0.798119
vt 0.275933 0.775937
vt 0.271249 0.752389
vt 0.271249 0.728379
vt 0.275933 0.704831
vt 0.285121 0.682649
vt 0.298460 0.662685
vt 0.315438 0.645708
vt 0.335401 0.632369
vt 0.357583 0.623181
vt 0.381132 0.618497
vt 0.405141 0.618497
vt 0.428690 0.623181
vt 0.450872 0.632369
vt 0.470835 0.645708
vt 0.487813 0.662686
vt 0.501152 0.682649
vt 0.510340 0.704831
vt 0.515024 0.728379
vt 0.515024 0.752389
vt 0.510340 0.775937
vt 0.501151 0.798119
vt 0.487812 0.818082
vt 0.497106 0.572690
vt 0.466490 0.572622
vt 0.104205 0.578266
vt 0.074692 0.581149
vt 0.680306 0.573236
vt 0.649909 0.573105
vt 0.374504 0.602012
vt 0.374606 0.588862
vt 0.558051 0.602452
vt 0.527446 0.602397
vt 0.527548 0.589199
vt 0.558150 0.589262
vt 0.527721 0.572761
vt 0.405033 0.602095
vt 0.405139 0.588921
vt 0.133776 0.576225
vt 0.588629 0.602496
vt 0.588725 0.589323
vt 0.710603 0.573419
vt 0.435608 0.602179
vt 0.435715 0.588989
vt 0.619163 0.602531
vt 0.619257 0.589381
vt 0.466211 0.602259
vt 0.466317 0.589061
vt 0.163453 0.574812
vt 0.649630 0.602560
vt 0.649726 0.589444
vt 0.740773 0.573686
vt 0.496828 0.602332
vt 0.496932 0.589131
vt 0.680004 0.602593
vt 0.680107 0.589523
vt 0.193262 0.573859
vt 0.710251 0.602647
vt 0.710373 0.589638
vt 0.770792 0.574089
vt 0.740333 0.602751
vt 0.740491 0.589820
vt 0.223215 0.573238
vt 0.770203 0.602958
vt 0.770425 0.590122
vt 0.800638 0.574702
vt 0.799814 0.603341
vt 0.800138 0.590618
vt 0.253307 0.572853
vt 0.829117 0.604008
vt 0.829598 0.591415
vt 0.830295 0.575627
vt 0.858068 0.605104
vt 0.858777 0.592654
vt 0.313853 0.572516
vt 0.344272 0.572474
vt 0.134564 0.592030
vt 0.105401 0.593995
vt 0.859758 0.577000
vt 0.889036 0.579004
vt 0.887658 0.594522
vt 0.283525 0.572630
vt 0.283463 0.588868
vt 0.076441 0.596833
vt 0.619433 0.573002
vt 0.253316 0.589018
vt 0.045168 0.585089
vt 0.047717 0.600867
vt 0.435885 0.572561
vt 0.588898 0.572915
vt 0.223331 0.589320
vt 0.015061 0.590713
vt 0.019695 0.606378
vt 0.405304 0.572511
vt 0.558322 0.572836
vt 0.193532 0.589849
vt 0.947129 0.586018
vt 0.976303 0.591827
vt 0.971878 0.606337
vt 0.944494 0.601060
vt 0.374761 0.572478
vt 0.163940 0.590707
vt 0.918150 0.581884
vt 0.916230 0.597250
vt 0.283421 0.601887
vt 0.253325 0.601969
vt 0.223419 0.602189
vt 0.193739 0.602624
vt 0.164318 0.603380
vt 0.135181 0.604597
vt 0.106345 0.606455
vt 0.077822 0.609183
vt 0.049637 0.613050
vt 0.021960 0.618186
vt 0.969688 0.618186
vt 0.942467 0.613153
vt 0.914760 0.609402
vt 0.886626 0.606821
vt 0.607151 0.715567
vt 0.607151 0.727308
vt 0.533791 0.727308
vt 0.533790 0.715567
vt 0.868354 0.715566
vt 0.868354 0.727308
vt 0.765223 0.716958
vt 0.765223 0.708164
vt 0.710276 0.716958
vt 0.710276 0.708164
vt 0.618881 0.618497
vt 0.721863 0.627731
vt 0.721863 0.682678
vt 0.618881 0.691858
vt 0.618570 0.682624
vt 0.515335 0.691858
vt 0.515335 0.618497
vt 0.618570 0.627676
vn -0.2826 0.0000 -0.9592
vn -0.0901 0.0000 -0.9959
vn 0.1060 0.0000 -0.9944
vn 0.2979 0.0000 -0.9546
vn 0.4784 0.0000 -0.8781
vn 0.6406 0.0000 -0.7679
vn 0.7781 0.0000 -0.6282
vn 0.8857 0.0000 -0.4643
vn 0.9592 0.0000 -0.2826
vn 0.9959 0.0000 -0.0901
vn 0.9944 0.0000 0.1060
vn 0.9546 0.0000 0.2979
vn 0.8781 0.0000 0.4784
vn 0.7679 0.0000 0.6406
vn 0.6282 0.0000 0.7781
vn 0.4643 0.0000 0.8857
vn 0.2826 0.0000 0.9592
vn 0.0901 0.0000 0.9959
vn -0.1060 0.0000 0.9944
vn -0.2979 0.0000 0.9546
vn -0.4784 0.0000 0.8781
vn -0.6406 0.0000 0.7679
vn -0.7781 0.0000 0.6282
vn -0.8857 0.0000 0.4643
vn -0.9592 0.0000 0.2826
vn -0.9959 0.0000 0.0901
vn -0.9944 0.0000 -0.1060
vn -0.9546 0.0000 -0.2979
vn -0.8781 0.0000 -0.4784
vn -0.7679 0.0000 -0.6406
vn -0.6286 -0.5744 -0.5244
vn -0.6282 0.0000 -0.7781
vn -0.4643 0.0000 -0.8857
vn 0.8469 0.4614 0.2643
vn 0.0000 -1.0000 0.0000
vn -0.4245 0.4614 0.7791
vn 0.2439 -0.5744 -0.7814
vn -0.6813 0.4614 -0.5683
vn 0.7188 -0.5744 0.3916
vn 0.2643 0.4614 -0.8469
vn -0.5244 -0.5744 0.6286
vn 0.7791 0.4614 0.4245
vn -0.5142 -0.5744 -0.6369
vn -0.5683 0.4614 0.6813
vn 0.3916 -0.5744 -0.7188
vn -0.5573 0.4614 -0.6903
vn 0.6286 -0.5744 0.5244
vn 0.4245 0.4614 -0.7791
vn -0.6369 -0.5744 0.5142
vn 0.6813 0.4614 0.5683
vn -0.3801 -0.5744 -0.7250
vn -0.6903 0.4614 0.5573
vn 0.5244 -0.5744 -0.6286
vn -0.4119 0.4614 -0.7857
vn 0.5142 -0.5744 0.6369
vn 0.5683 0.4614 -0.6813
vn -0.7250 -0.5744 0.3801
vn 0.5573 0.4614 0.6903
vn -0.7857 0.4614 0.4119
vn 0.6369 -0.5744 -0.5142
vn 0.3801 -0.5744 0.7250
vn 0.6903 0.4614 -0.5573
vn -0.7852 -0.5744 0.2314
vn 0.4119 0.4614 0.7857
vn -0.8510 0.4614 0.2507
vn 0.7250 -0.5744 -0.3801
vn 0.2314 -0.5744 0.7852
vn 0.7857 0.4614 -0.4119
vn -0.8153 -0.5744 0.0737
vn 0.2507 0.4614 0.8510
vn -0.8836 0.4614 0.0799
vn 0.7852 -0.5744 -0.2314
vn 0.0737 -0.5744 0.8153
vn 0.8510 0.4614 -0.2507
vn -0.2314 -0.5744 -0.7852
vn -0.8140 -0.5744 -0.0867
vn 0.0799 0.4614 0.8836
vn -0.2507 0.4614 -0.8510
vn -0.8822 0.4614 -0.0940
vn 0.8153 -0.5744 -0.0737
vn -0.0867 -0.5744 0.8140
vn 0.8836 0.4614 -0.0799
vn -0.7814 -0.5744 -0.2439
vn -0.0940 0.4614 0.8822
vn -0.0737 -0.5744 -0.8153
vn -0.8469 0.4614 -0.2643
vn 0.8140 -0.5744 0.0867
vn -0.0799 0.4614 -0.8836
vn -0.2439 -0.5744 0.7814
vn 0.8822 0.4614 0.0940
vn -0.7188 -0.5744 -0.3916
vn -0.2643 0.4614 0.8469
vn 0.0867 -0.5744 -0.8140
vn -0.7791 0.4614 -0.4245
vn 0.7814 -0.5744 0.2439
vn 0.0940 0.4614 -0.8822
vn -0.3916 -0.5744 0.7188
vn 0.0000 1.0000 -0.0000
vn -0.5411 -0.0021 0.8410
vn -0.7891 0.0032 -0.6142
vn 0.5411 0.0021 -0.8410
vn 0.8858 -0.0028 0.4641
vn -0.0403 -0.9976 0.0570
vn 0.0556 0.9952 -0.0809
usemtl Material.002
s off
f 1161/1566/522 1162/1567/522 1164/1568/522 1163/1569/522
f 1163/1569/523 1164/1568/523 1166/1570/523 1165/1571/523
f 1165/1571/524 1166/1570/524 1168/1572/524 1167/1573/524
f 1167/1573/525 1168/1572/525 1170/1574/525 1169/1575/525
f 1169/1575/526 1170/1574/526 1172/1576/526 1171/1577/526
f 1171/1577/527 1172/1576/527 1174/1578/527 1173/1579/527
f 1173/1579/528 1174/1578/528 1176/1580/528 1175/1581/528
f 1175/1581/529 1176/1580/529 1178/1582/529 1177/1583/529
f 1177/1583/530 1178/1582/530 1180/1584/530 1179/1585/530
f 1179/1585/531 1180/1584/531 1182/1586/531 1181/1587/531
f 1181/1587/532 1182/1586/532 1184/1588/532 1183/1589/532
f 1183/1589/533 1184/1588/533 1186/1590/533 1185/1591/533
f 1185/1591/534 1186/1590/534 1188/1592/534 1187/1593/534
f 1187/1593/535 1188/1592/535 1190/1594/535 1189/1595/535
f 1189/1595/536 1190/1594/536 1192/1596/536 1191/1597/536
f 1191/1597/537 1192/1596/537 1194/1598/537 1193/1599/537
f 1193/1599/538 1194/1598/538 1196/1600/538 1195/1601/538
f 1195/1602/539 1196/1603/539 1198/1604/539 1197/1605/539
f 1197/1605/540 1198/1604/540 1200/1606/540 1199/1607/540
f 1199/1607/541 1200/1606/541 1202/1608/541 1201/1609/541
f 1201/1609/542 1202/1608/542 1204/1610/542 1203/1611/542
f 1203/1611/543 1204/1610/543 1206/1612/543 1205/1613/543
f 1205/1613/544 1206/1612/544 1208/1614/544 1207/1615/544
f 1207/1615/545 1208/1614/545 1210/1616/545 1209/1617/545
f 1209/1617/546 1210/1616/546 1212/1618/546 1211/1619/546
f 1211/1619/547 1212/1618/547 1214/1620/547 1213/1621/547
f 1213/1621/548 1214/1620/548 1216/1622/548 1215/1623/548
f 1215/1623/549 1216/1622/549 1218/1624/549 1217/1625/549
f 1217/1625/550 1218/1624/550 1220/1626/550 1219/1627/550
f 1219/1627/551 1220/1626/551 1222/1628/551 1221/1629/551
f 1219/1627/552 1221/1629/552 1285/1630/552 1283/1631/552
f 1221/1629/553 1222/1628/553 1224/1632/553 1223/1633/553
f 1223/1633/554 1224/1632/554 1162/1567/554 1161/1566/554
f 1186/1590/555 1184/1588/555 1248/1634/555 1250/1635/555
f 1295/1636/544 1296/1637/544 1360/1638/544 1359/1639/544
f 1225/1640/556 1226/1641/556 1229/1642/556 1231/1643/556 1233/1644/556 1235/1645/556 1237/1646/556 1239/1647/556 1241/1648/556 1243/1649/556 1245/1650/556 1247/1651/556 1249/1652/556 1251/1653/556 1253/1654/556 1255/1655/556 1257/1656/556 1259/1657/556 1261/1658/556 1263/1659/556 1265/1660/556 1267/1661/556 1269/1662/556 1271/1663/556 1273/1664/556 1275/1665/556 1277/1666/556 1279/1667/556 1281/1668/556 1283/1669/556 1285/1670/556 1287/1671/556
f 1204/1610/557 1202/1608/557 1266/1672/557 1268/1673/557
f 1167/1573/558 1169/1575/558 1233/1674/558 1231/1675/558
f 1222/1628/559 1220/1626/559 1284/1676/559 1286/1677/559
f 1185/1591/560 1187/1593/560 1251/1678/560 1249/1679/560
f 1170/1574/561 1168/1572/561 1232/1680/561 1234/1681/561
f 1203/1611/562 1205/1613/562 1269/1682/562 1267/1683/562
f 1188/1592/563 1186/1590/563 1250/1635/563 1252/1684/563
f 1221/1629/564 1223/1633/564 1287/1685/564 1285/1630/564
f 1206/1612/565 1204/1610/565 1268/1673/565 1270/1686/565
f 1169/1575/566 1171/1577/566 1235/1687/566 1233/1674/566
f 1224/1632/567 1222/1628/567 1286/1677/567 1288/1688/567
f 1187/1593/568 1189/1595/568 1253/1689/568 1251/1678/568
f 1172/1576/569 1170/1574/569 1234/1681/569 1236/1690/569
f 1205/1613/570 1207/1615/570 1271/1691/570 1269/1682/570
f 1190/1594/571 1188/1592/571 1252/1684/571 1254/1692/571
f 1223/1633/572 1161/1566/572 1225/1693/572 1287/1685/572
f 1208/1614/573 1206/1612/573 1270/1686/573 1272/1694/573
f 1171/1577/574 1173/1579/574 1237/1695/574 1235/1687/574
f 1162/1567/575 1224/1632/575 1288/1688/575 1228/1696/575
f 1189/1595/576 1191/1597/576 1255/1697/576 1253/1689/576
f 1174/1578/577 1172/1576/577 1236/1690/577 1238/1698/577
f 1207/1615/578 1209/1617/578 1273/1699/578 1271/1691/578
f 1192/1596/579 1190/1594/579 1254/1692/579 1256/1700/579
f 1210/1616/580 1208/1614/580 1272/1694/580 1274/1701/580
f 1173/1579/581 1175/1581/581 1239/1702/581 1237/1695/581
f 1191/1597/582 1193/1599/582 1257/1703/582 1255/1697/582
f 1176/1580/583 1174/1578/583 1238/1698/583 1240/1704/583
f 1209/1617/584 1211/1619/584 1275/1705/584 1273/1699/584
f 1194/1598/585 1192/1596/585 1256/1700/585 1258/1706/585
f 1212/1618/586 1210/1616/586 1274/1701/586 1276/1707/586
f 1175/1581/587 1177/1583/587 1241/1708/587 1239/1702/587
f 1193/1599/588 1195/1601/588 1259/1709/588 1257/1703/588
f 1178/1582/589 1176/1580/589 1240/1704/589 1242/1710/589
f 1211/1619/590 1213/1621/590 1277/1711/590 1275/1705/590
f 1196/1600/591 1194/1598/591 1258/1706/591 1260/1712/591
f 1214/1620/592 1212/1618/592 1276/1707/592 1278/1713/592
f 1177/1583/593 1179/1585/593 1243/1714/593 1241/1708/593
f 1195/1602/594 1197/1605/594 1261/1715/594 1259/1716/594
f 1180/1584/595 1178/1582/595 1242/1710/595 1244/1717/595
f 1161/1566/596 1163/1569/596 1226/1718/596 1225/1693/596
f 1213/1621/597 1215/1623/597 1279/1719/597 1277/1711/597
f 1198/1604/598 1196/1603/598 1260/1720/598 1262/1721/598
f 1164/1568/599 1162/1567/599 1228/1696/599 1227/1722/599
f 1216/1622/600 1214/1620/600 1278/1713/600 1280/1723/600
f 1179/1585/601 1181/1587/601 1245/1724/601 1243/1714/601
f 1197/1605/602 1199/1607/602 1263/1725/602 1261/1715/602
f 1182/1586/603 1180/1584/603 1244/1717/603 1246/1726/603
f 1215/1623/604 1217/1625/604 1281/1727/604 1279/1719/604
f 1200/1606/605 1198/1604/605 1262/1721/605 1264/1728/605
f 1163/1569/606 1165/1571/606 1229/1729/606 1226/1718/606
f 1218/1624/607 1216/1622/607 1280/1723/607 1282/1730/607
f 1181/1587/608 1183/1589/608 1247/1731/608 1245/1724/608
f 1166/1570/609 1164/1568/609 1227/1722/609 1230/1732/609
f 1199/1607/610 1201/1609/610 1265/1733/610 1263/1725/610
f 1184/1588/611 1182/1586/611 1246/1726/611 1248/1634/611
f 1217/1625/612 1219/1627/612 1283/1631/612 1281/1727/612
f 1202/1608/613 1200/1606/613 1264/1728/613 1266/1672/613
f 1165/1571/614 1167/1573/614 1231/1675/614 1229/1729/614
f 1220/1626/615 1218/1624/615 1282/1730/615 1284/1676/615
f 1183/1589/616 1185/1591/616 1249/1679/616 1247/1731/616
f 1168/1572/617 1166/1570/617 1230/1732/617 1232/1680/617
f 1201/1609/618 1203/1611/618 1267/1683/618 1265/1733/618
f 1289/1734/619 1290/1735/619 1320/1736/619 1319/1737/619 1318/1738/619 1317/1739/619 1316/1740/619 1315/1741/619 1314/1742/619 1313/1743/619 1312/1744/619 1311/1745/619 1310/1746/619 1309/1747/619 1308/1748/619 1307/1749/619 1306/1750/619 1305/1751/619 1304/1752/619 1303/1753/619 1302/1754/619 1301/1755/619 1300/1756/619 1299/1757/619 1298/1758/619 1297/1759/619 1296/1760/619 1295/1761/619 1294/1762/619 1293/1763/619 1292/1764/619 1291/1765/619
f 1230/1732/523 1227/1722/523 1321/1766/523 1323/1767/523
f 1256/1700/536 1254/1692/536 1335/1768/536 1336/1769/536
f 1282/1730/549 1280/1723/549 1348/1770/549 1349/1771/549
f 1294/1772/543 1295/1636/543 1359/1639/543 1358/1773/543
f 1320/1774/537 1290/1775/537 1354/1776/537 1384/1777/537
f 1227/1722/522 1228/1696/522 1322/1778/522 1321/1766/522
f 1293/1779/542 1294/1772/542 1358/1773/542 1357/1780/542
f 1254/1692/535 1252/1684/535 1334/1781/535 1335/1768/535
f 1319/1782/536 1320/1774/536 1384/1777/536 1383/1783/536
f 1280/1723/548 1278/1713/548 1347/1784/548 1348/1770/548
f 1292/1785/541 1293/1779/541 1357/1780/541 1356/1786/541
f 1318/1787/535 1319/1782/535 1383/1783/535 1382/1788/535
f 1291/1789/540 1292/1785/540 1356/1786/540 1355/1790/540
f 1252/1684/534 1250/1635/534 1333/1791/534 1334/1781/534
f 1317/1792/534 1318/1787/534 1382/1788/534 1381/1793/534
f 1278/1713/547 1276/1707/547 1346/1794/547 1347/1784/547
f 1289/1795/539 1291/1789/539 1355/1790/539 1353/1796/539
f 1316/1797/533 1317/1792/533 1381/1793/533 1380/1798/533
f 1290/1775/538 1289/1795/538 1353/1796/538 1354/1776/538
f 1250/1635/533 1248/1634/533 1332/1799/533 1333/1791/533
f 1315/1800/532 1316/1797/532 1380/1798/532 1379/1801/532
f 1276/1707/546 1274/1701/546 1345/1802/546 1346/1794/546
f 1314/1803/531 1315/1800/531 1379/1801/531 1378/1804/531
f 1248/1634/532 1246/1726/532 1331/1805/532 1332/1799/532
f 1313/1806/530 1314/1803/530 1378/1804/530 1377/1807/530
f 1274/1701/545 1272/1694/545 1344/1808/545 1345/1802/545
f 1312/1809/529 1313/1806/529 1377/1807/529 1376/1810/529
f 1246/1726/531 1244/1717/531 1330/1811/531 1331/1805/531
f 1311/1812/528 1312/1809/528 1376/1810/528 1375/1813/528
f 1272/1694/544 1270/1686/544 1343/1814/544 1344/1808/544
f 1310/1815/527 1311/1812/527 1375/1813/527 1374/1816/527
f 1348/1770/619 1347/1784/619 1379/1801/619 1380/1798/619
f 1328/1817/619 1327/1818/619 1359/1639/619 1360/1638/619
f 1335/1768/619 1334/1781/619 1366/1819/619 1367/1820/619
f 1342/1821/619 1341/1822/619 1373/1823/619 1374/1816/619
f 1321/1766/619 1322/1778/619 1354/1776/619 1353/1796/619
f 1349/1771/619 1348/1770/619 1380/1798/619 1381/1793/619
f 1329/1824/619 1328/1817/619 1360/1638/619 1361/1825/619
f 1336/1769/619 1335/1768/619 1367/1820/619 1368/1826/619
f 1343/1814/619 1342/1821/619 1374/1816/619 1375/1813/619
f 1323/1767/619 1321/1766/619 1353/1796/619 1355/1790/619
f 1350/1827/619 1349/1771/619 1381/1793/619 1382/1788/619
f 1330/1811/619 1329/1824/619 1361/1825/619 1362/1828/619
f 1337/1829/619 1336/1769/619 1368/1826/619 1369/1830/619
f 1344/1808/619 1343/1814/619 1375/1813/619 1376/1810/619
f 1324/1831/619 1323/1767/619 1355/1790/619 1356/1786/619
f 1351/1832/619 1350/1827/619 1382/1788/619 1383/1783/619
f 1331/1805/619 1330/1811/619 1362/1828/619 1363/1833/619
f 1338/1834/619 1337/1829/619 1369/1830/619 1370/1835/619
f 1345/1802/619 1344/1808/619 1376/1810/619 1377/1807/619
f 1325/1836/619 1324/1831/619 1356/1786/619 1357/1780/619
f 1352/1837/619 1351/1832/619 1383/1783/619 1384/1777/619
f 1332/1799/619 1331/1805/619 1363/1833/619 1364/1838/619
f 1339/1839/619 1338/1840/619 1370/1841/619 1371/1842/619
f 1346/1794/619 1345/1802/619 1377/1807/619 1378/1804/619
f 1326/1843/619 1325/1836/619 1357/1780/619 1358/1773/619
f 1322/1778/619 1352/1837/619 1384/1777/619 1354/1776/619
f 1333/1791/619 1332/1799/619 1364/1838/619 1365/1844/619
f 1340/1845/619 1339/1839/619 1371/1842/619 1372/1846/619
f 1347/1784/619 1346/1794/619 1378/1804/619 1379/1801/619
f 1327/1818/619 1326/1843/619 1358/1773/619 1359/1639/619
f 1334/1781/619 1333/1791/619 1365/1844/619 1366/1819/619
f 1341/1822/619 1340/1845/619 1372/1846/619 1373/1823/619
f 1296/1637/545 1297/1847/545 1361/1825/545 1360/1638/545
f 1284/1676/550 1282/1730/550 1349/1771/550 1350/1827/550
f 1258/1706/537 1256/1700/537 1336/1769/537 1337/1829/537
f 1232/1680/524 1230/1732/524 1323/1767/524 1324/1831/524
f 1297/1847/546 1298/1848/546 1362/1828/546 1361/1825/546
f 1298/1848/547 1299/1849/547 1363/1833/547 1362/1828/547
f 1286/1677/551 1284/1676/551 1350/1827/551 1351/1832/551
f 1260/1712/538 1258/1706/538 1337/1829/538 1338/1834/538
f 1234/1681/525 1232/1680/525 1324/1831/525 1325/1836/525
f 1299/1849/548 1300/1850/548 1364/1838/548 1363/1833/548
f 1300/1850/549 1301/1851/549 1365/1844/549 1364/1838/549
f 1288/1688/553 1286/1677/553 1351/1832/553 1352/1837/553
f 1262/1721/539 1260/1720/539 1338/1840/539 1339/1839/539
f 1236/1690/526 1234/1681/526 1325/1836/526 1326/1843/526
f 1301/1851/550 1302/1852/550 1366/1819/550 1365/1844/550
f 1302/1852/551 1303/1853/551 1367/1820/551 1366/1819/551
f 1228/1696/554 1288/1688/554 1352/1837/554 1322/1778/554
f 1264/1728/540 1262/1721/540 1339/1839/540 1340/1845/540
f 1238/1698/527 1236/1690/527 1326/1843/527 1327/1818/527
f 1303/1853/553 1304/1854/553 1368/1826/553 1367/1820/553
f 1304/1854/554 1305/1855/554 1369/1830/554 1368/1826/554
f 1266/1672/541 1264/1728/541 1340/1845/541 1341/1822/541
f 1305/1855/522 1306/1856/522 1370/1835/522 1369/1830/522
f 1240/1704/528 1238/1698/528 1327/1818/528 1328/1817/528
f 1306/1857/523 1307/1858/523 1371/1842/523 1370/1841/523
f 1268/1673/542 1266/1672/542 1341/1822/542 1342/1821/542
f 1307/1858/524 1308/1859/524 1372/1846/524 1371/1842/524
f 1242/1710/529 1240/1704/529 1328/1817/529 1329/1824/529
f 1308/1859/525 1309/1860/525 1373/1823/525 1372/1846/525
f 1270/1686/543 1268/1673/543 1342/1821/543 1343/1814/543
f 1309/1860/526 1310/1815/526 1374/1816/526 1373/1823/526
f 1244/1717/530 1242/1710/530 1329/1824/530 1330/1811/530
f 1385/1861/620 1386/1862/620 1388/1863/620 1387/1864/620
f 1387/1865/621 1388/1866/621 1392/1867/621 1391/1868/621
f 1391/1868/622 1392/1867/622 1390/1869/622 1389/1870/622
f 1389/1870/623 1390/1869/623 1386/1862/623 1385/1861/623
f 1387/1871/624 1391/1872/624 1389/1873/624 1385/1874/624
f 1392/1875/625 1388/1876/625 1386/1877/625 1390/1878/625
